{
  "test/mean_score": 0.9476524872368602,
  "test/sim_max_reward_100000": 0.979176502436972,
  "test/sim_max_reward_100001": 0.9931864322458673,
  "test/sim_max_reward_100002": 1.0,
  "test/sim_max_reward_100003": 1.0,
  "test/sim_max_reward_100004": 1.0,
  "test/sim_max_reward_100005": 1.0,
  "test/sim_max_reward_100006": 1.0,
  "test/sim_max_reward_100007": 1.0,
  "test/sim_max_reward_100008": 1.0,
  "test/sim_max_reward_100009": 1.0,
  "test/sim_max_reward_100010": 0.9789958227276184,
  "test/sim_max_reward_100011": 1.0,
  "test/sim_max_reward_100012": 0.6435519225662821,
  "test/sim_max_reward_100013": 0.9918878926315122,
  "test/sim_max_reward_100014": 1.0,
  "test/sim_max_reward_100015": 0.9994274611203249,
  "test/sim_max_reward_100016": 0.9859429179056637,
  "test/sim_max_reward_100017": 0.988905805773423,
  "test/sim_max_reward_100018": 1.0,
  "test/sim_max_reward_100019": 0.966617307200318,
  "test/sim_max_reward_100020": 1.0,
  "test/sim_max_reward_100021": 0.99342092460616,
  "test/sim_max_reward_100022": 1.0,
  "test/sim_max_reward_100023": 0.9879550740367207,
  "test/sim_max_reward_100024": 1.0,
  "test/sim_max_reward_100025": 1.0,
  "test/sim_max_reward_100026": 1.0,
  "test/sim_max_reward_100027": 1.0,
  "test/sim_max_reward_100028": 1.0,
  "test/sim_max_reward_100029": 1.0,
  "test/sim_max_reward_100030": 1.0,
  "test/sim_max_reward_100031": 0.9696536087332914,
  "test/sim_max_reward_100032": 0.9834531708412889,
  "test/sim_max_reward_100033": 0.9557832164923964,
  "test/sim_max_reward_100034": 1.0,
  "test/sim_max_reward_100035": 0.0,
  "test/sim_max_reward_100036": 1.0,
  "test/sim_max_reward_100037": 0.9922988131936403,
  "test/sim_max_reward_100038": 0.0,
  "test/sim_max_reward_100039": 0.9934299538688757,
  "test/sim_max_reward_100040": 1.0,
  "test/sim_max_reward_100041": 1.0,
  "test/sim_max_reward_100042": 1.0,
  "test/sim_max_reward_100043": 1.0,
  "test/sim_max_reward_100044": 1.0,
  "test/sim_max_reward_100045": 1.0,
  "test/sim_max_reward_100046": 0.9903053458036483,
  "test/sim_max_reward_100047": 1.0,
  "test/sim_max_reward_100048": 1.0,
  "test/sim_max_reward_100049": 0.9886321896590111,
  "test/sim_video_100000": "eval_results/optim/lambda0.2_window5/pusht_5/media/g5yjglqz.mp4",
  "test/sim_video_100001": "eval_results/optim/lambda0.2_window5/pusht_5/media/2ihf6j1d.mp4",
  "test/sim_video_100002": "eval_results/optim/lambda0.2_window5/pusht_5/media/q9paa50x.mp4",
  "test/sim_video_100003": "eval_results/optim/lambda0.2_window5/pusht_5/media/15v7j6jq.mp4",
  "train/mean_score": 0.9769889175409235,
  "train/sim_max_reward_0": 0.8826428069133895,
  "train/sim_max_reward_1": 0.9860497684540119,
  "train/sim_max_reward_2": 1.0,
  "train/sim_max_reward_3": 0.9932409298781395,
  "train/sim_max_reward_4": 1.0,
  "train/sim_max_reward_5": 1.0,
  "train/sim_video_0": "eval_results/optim/lambda0.2_window5/pusht_5/media/2jnkwnhu.mp4",
  "train/sim_video_1": "eval_results/optim/lambda0.2_window5/pusht_5/media/tuzil8p9.mp4"
}