{
  "test/mean_score": 0.8444089610291222,
  "test/sim_max_reward_100000": 0.7112008341353737,
  "test/sim_max_reward_100001": 0.8003303238405323,
  "test/sim_max_reward_100002": 0.9185323298393423,
  "test/sim_max_reward_100003": 0.9816053862414786,
  "test/sim_max_reward_100004": 0.5109274065605284,
  "test/sim_max_reward_100005": 1.0,
  "test/sim_max_reward_100006": 0.8178207066408391,
  "test/sim_max_reward_100007": 0.9868942597848608,
  "test/sim_max_reward_100008": 0.6301485286173896,
  "test/sim_max_reward_100009": 0.7280854622940227,
  "test/sim_max_reward_100010": 0.9327496446491844,
  "test/sim_max_reward_100011": 0.7180450133144456,
  "test/sim_max_reward_100012": 1.0,
  "test/sim_max_reward_100013": 0.7271960567501696,
  "test/sim_max_reward_100014": 1.0,
  "test/sim_max_reward_100015": 0.6654024172276531,
  "test/sim_max_reward_100016": 0.8424102007923067,
  "test/sim_max_reward_100017": 0.9782647078500816,
  "test/sim_max_reward_100018": 0.9503259587475402,
  "test/sim_max_reward_100019": 0.7142584744138167,
  "test/sim_max_reward_100020": 0.7177641090014816,
  "test/sim_max_reward_100021": 0.7274054961216625,
  "test/sim_max_reward_100022": 0.9879435232934618,
  "test/sim_max_reward_100023": 0.9660831155031513,
  "test/sim_max_reward_100024": 1.0,
  "test/sim_max_reward_100025": 0.6672102663629852,
  "test/sim_max_reward_100026": 0.7253574330324914,
  "test/sim_max_reward_100027": 0.972547513759967,
  "test/sim_max_reward_100028": 0.8885097087584707,
  "test/sim_max_reward_100029": 0.9167481419355621,
  "test/sim_max_reward_100030": 0.9819774435222172,
  "test/sim_max_reward_100031": 0.6890974125618748,
  "test/sim_max_reward_100032": 0.9230776950957104,
  "test/sim_max_reward_100033": 0.7252878105591423,
  "test/sim_max_reward_100034": 0.9122056866881969,
  "test/sim_max_reward_100035": 0.6921198623407595,
  "test/sim_max_reward_100036": 0.8883581937275485,
  "test/sim_max_reward_100037": 0.989845488170054,
  "test/sim_max_reward_100038": 0.6973825749772579,
  "test/sim_max_reward_100039": 0.7224412668816602,
  "test/sim_max_reward_100040": 0.9365137713950605,
  "test/sim_max_reward_100041": 1.0,
  "test/sim_max_reward_100042": 1.0,
  "test/sim_max_reward_100043": 0.7049771347730942,
  "test/sim_max_reward_100044": 0.9875012084741085,
  "test/sim_max_reward_100045": 0.7115546423438573,
  "test/sim_max_reward_100046": 1.0,
  "test/sim_max_reward_100047": 1.0,
  "test/sim_max_reward_100048": 0.7260182359495102,
  "test/sim_max_reward_100049": 0.7483226045272561,
  "test/sim_video_100000": "eval_results/origin/pusht_multitask_5/media/b25utqkb.mp4",
  "test/sim_video_100001": "eval_results/origin/pusht_multitask_5/media/h749p0sy.mp4",
  "test/sim_video_100002": "eval_results/origin/pusht_multitask_5/media/vjoj5zfw.mp4",
  "test/sim_video_100003": "eval_results/origin/pusht_multitask_5/media/67gvgowt.mp4",
  "train/mean_score": 0.6776507759124675,
  "train/sim_max_reward_0": 0.696811045533623,
  "train/sim_max_reward_1": 0.0,
  "train/sim_max_reward_2": 0.6882272251432053,
  "train/sim_max_reward_3": 1.0,
  "train/sim_max_reward_4": 1.0,
  "train/sim_max_reward_5": 0.6808663847979766,
  "train/sim_video_0": "eval_results/origin/pusht_multitask_5/media/6h55ou7x.mp4",
  "train/sim_video_1": "eval_results/origin/pusht_multitask_5/media/e71e0uu8.mp4"
}