{
  "test/mean_score": 0.17744965398713453,
  "test/sim_max_reward_100000": 0.0,
  "test/sim_max_reward_100001": 0.23604046811666526,
  "test/sim_max_reward_100002": 0.3944833587314311,
  "test/sim_max_reward_100003": 0.426940176841746,
  "test/sim_max_reward_100004": 0.2949124005888775,
  "test/sim_max_reward_100005": 0.0,
  "test/sim_max_reward_100006": 0.2429876363677129,
  "test/sim_max_reward_100007": 0.40631902478357096,
  "test/sim_max_reward_100008": 0.0923785801927691,
  "test/sim_max_reward_100009": 0.0,
  "test/sim_max_reward_100010": 0.14013850138604844,
  "test/sim_max_reward_100011": 0.19931052117379902,
  "test/sim_max_reward_100012": 0.5175920329222016,
  "test/sim_max_reward_100013": 0.07723207114090228,
  "test/sim_max_reward_100014": 0.0,
  "test/sim_max_reward_100015": 0.49713872217330957,
  "test/sim_max_reward_100016": 0.0,
  "test/sim_max_reward_100017": 0.2697864513467478,
  "test/sim_max_reward_100018": 0.031125780010250938,
  "test/sim_max_reward_100019": 0.23101146407629639,
  "test/sim_max_reward_100020": 0.0,
  "test/sim_max_reward_100021": 0.0,
  "test/sim_max_reward_100022": 0.2885635888432834,
  "test/sim_max_reward_100023": 0.0,
  "test/sim_max_reward_100024": 0.17246396491561422,
  "test/sim_max_reward_100025": 0.0,
  "test/sim_max_reward_100026": 0.0,
  "test/sim_max_reward_100027": 0.0,
  "test/sim_max_reward_100028": 0.46091395609934316,
  "test/sim_max_reward_100029": 0.22725606478990656,
  "test/sim_max_reward_100030": 0.0,
  "test/sim_max_reward_100031": 0.15662740503302894,
  "test/sim_max_reward_100032": 0.3826358400506506,
  "test/sim_max_reward_100033": 0.10991713422619107,
  "test/sim_max_reward_100034": 0.026628817516326706,
  "test/sim_max_reward_100035": 0.0,
  "test/sim_max_reward_100036": 0.2393519435917405,
  "test/sim_max_reward_100037": 0.0,
  "test/sim_max_reward_100038": 0.45569421230143403,
  "test/sim_max_reward_100039": 0.3506286764052259,
  "test/sim_max_reward_100040": 0.4064487393196333,
  "test/sim_max_reward_100041": 0.01695098737829732,
  "test/sim_max_reward_100042": 0.0,
  "test/sim_max_reward_100043": 0.27366093493884663,
  "test/sim_max_reward_100044": 0.0,
  "test/sim_max_reward_100045": 0.24389465166794513,
  "test/sim_max_reward_100046": 0.6728394481010767,
  "test/sim_max_reward_100047": 0.1877161024122115,
  "test/sim_max_reward_100048": 0.1428930419136412,
  "test/sim_max_reward_100049": 0.0,
  "test/sim_video_100000": "eval_results/optim/lambda0.45_window25/pusht_2/media/5h7n5p1t.mp4",
  "test/sim_video_100001": "eval_results/optim/lambda0.45_window25/pusht_2/media/zj4s9qiz.mp4",
  "test/sim_video_100002": "eval_results/optim/lambda0.45_window25/pusht_2/media/0m80brwx.mp4",
  "test/sim_video_100003": "eval_results/optim/lambda0.45_window25/pusht_2/media/rjmzbrra.mp4",
  "train/mean_score": 0.25223108616321527,
  "train/sim_max_reward_0": 0.3169362419049013,
  "train/sim_max_reward_1": 0.07825618659611375,
  "train/sim_max_reward_2": 0.6478543848494999,
  "train/sim_max_reward_3": 0.005346799874240531,
  "train/sim_max_reward_4": 0.0,
  "train/sim_max_reward_5": 0.4649929037545361,
  "train/sim_video_0": "eval_results/optim/lambda0.45_window25/pusht_2/media/qjv241wb.mp4",
  "train/sim_video_1": "eval_results/optim/lambda0.45_window25/pusht_2/media/1c8c8w5o.mp4"
}