{
  "test/mean_score": 0.9743534560683981,
  "test/sim_max_reward_100000": 1.0,
  "test/sim_max_reward_100001": 1.0,
  "test/sim_max_reward_100002": 1.0,
  "test/sim_max_reward_100003": 1.0,
  "test/sim_max_reward_100004": 1.0,
  "test/sim_max_reward_100005": 1.0,
  "test/sim_max_reward_100006": 0.9990342675540085,
  "test/sim_max_reward_100007": 1.0,
  "test/sim_max_reward_100008": 0.9773996149261203,
  "test/sim_max_reward_100009": 1.0,
  "test/sim_max_reward_100010": 1.0,
  "test/sim_max_reward_100011": 1.0,
  "test/sim_max_reward_100012": 0.9826564793689037,
  "test/sim_max_reward_100013": 1.0,
  "test/sim_max_reward_100014": 1.0,
  "test/sim_max_reward_100015": 0.9836970121286518,
  "test/sim_max_reward_100016": 1.0,
  "test/sim_max_reward_100017": 1.0,
  "test/sim_max_reward_100018": 1.0,
  "test/sim_max_reward_100019": 0.9915017261051122,
  "test/sim_max_reward_100020": 0.9888140794675974,
  "test/sim_max_reward_100021": 1.0,
  "test/sim_max_reward_100022": 1.0,
  "test/sim_max_reward_100023": 1.0,
  "test/sim_max_reward_100024": 1.0,
  "test/sim_max_reward_100025": 1.0,
  "test/sim_max_reward_100026": 0.9828473018732645,
  "test/sim_max_reward_100027": 1.0,
  "test/sim_max_reward_100028": 0.9855821051989211,
  "test/sim_max_reward_100029": 1.0,
  "test/sim_max_reward_100030": 1.0,
  "test/sim_max_reward_100031": 0.9992833090038054,
  "test/sim_max_reward_100032": 1.0,
  "test/sim_max_reward_100033": 1.0,
  "test/sim_max_reward_100034": 0.9806933867285971,
  "test/sim_max_reward_100035": 1.0,
  "test/sim_max_reward_100036": 1.0,
  "test/sim_max_reward_100037": 0.9845753880657004,
  "test/sim_max_reward_100038": 0.0,
  "test/sim_max_reward_100039": 1.0,
  "test/sim_max_reward_100040": 1.0,
  "test/sim_max_reward_100041": 0.9979373978014822,
  "test/sim_max_reward_100042": 0.9901686739918186,
  "test/sim_max_reward_100043": 1.0,
  "test/sim_max_reward_100044": 1.0,
  "test/sim_max_reward_100045": 0.9730244774094337,
  "test/sim_max_reward_100046": 0.9945908645539849,
  "test/sim_max_reward_100047": 1.0,
  "test/sim_max_reward_100048": 1.0,
  "test/sim_max_reward_100049": 0.905866719242499,
  "test/sim_video_100000": "eval_results/optim/lambda0.2_window15/pusht_5/media/xerzd6pc.mp4",
  "test/sim_video_100001": "eval_results/optim/lambda0.2_window15/pusht_5/media/fus2yxap.mp4",
  "test/sim_video_100002": "eval_results/optim/lambda0.2_window15/pusht_5/media/3moe6e6r.mp4",
  "test/sim_video_100003": "eval_results/optim/lambda0.2_window15/pusht_5/media/wyw7nfyw.mp4",
  "train/mean_score": 0.9855649019338061,
  "train/sim_max_reward_0": 0.9133894116028367,
  "train/sim_max_reward_1": 1.0,
  "train/sim_max_reward_2": 1.0,
  "train/sim_max_reward_3": 1.0,
  "train/sim_max_reward_4": 1.0,
  "train/sim_max_reward_5": 1.0,
  "train/sim_video_0": "eval_results/optim/lambda0.2_window15/pusht_5/media/ncim5t36.mp4",
  "train/sim_video_1": "eval_results/optim/lambda0.2_window15/pusht_5/media/oqkkocm5.mp4"
}