{
  "test/mean_score": 0.9741834732302834,
  "test/sim_max_reward_100000": 1.0,
  "test/sim_max_reward_100001": 1.0,
  "test/sim_max_reward_100002": 1.0,
  "test/sim_max_reward_100003": 1.0,
  "test/sim_max_reward_100004": 1.0,
  "test/sim_max_reward_100005": 1.0,
  "test/sim_max_reward_100006": 0.9931269546743192,
  "test/sim_max_reward_100007": 1.0,
  "test/sim_max_reward_100008": 0.9639240645143163,
  "test/sim_max_reward_100009": 1.0,
  "test/sim_max_reward_100010": 0.9458292657898276,
  "test/sim_max_reward_100011": 1.0,
  "test/sim_max_reward_100012": 1.0,
  "test/sim_max_reward_100013": 0.979910223299802,
  "test/sim_max_reward_100014": 1.0,
  "test/sim_max_reward_100015": 0.9862343589801122,
  "test/sim_max_reward_100016": 1.0,
  "test/sim_max_reward_100017": 0.993182246427052,
  "test/sim_max_reward_100018": 0.9901667813581467,
  "test/sim_max_reward_100019": 0.9811211062922924,
  "test/sim_max_reward_100020": 1.0,
  "test/sim_max_reward_100021": 1.0,
  "test/sim_max_reward_100022": 1.0,
  "test/sim_max_reward_100023": 1.0,
  "test/sim_max_reward_100024": 1.0,
  "test/sim_max_reward_100025": 1.0,
  "test/sim_max_reward_100026": 1.0,
  "test/sim_max_reward_100027": 1.0,
  "test/sim_max_reward_100028": 1.0,
  "test/sim_max_reward_100029": 0.9970552135100293,
  "test/sim_max_reward_100030": 1.0,
  "test/sim_max_reward_100031": 0.9998968927135994,
  "test/sim_max_reward_100032": 1.0,
  "test/sim_max_reward_100033": 1.0,
  "test/sim_max_reward_100034": 1.0,
  "test/sim_max_reward_100035": 0.9588413690248047,
  "test/sim_max_reward_100036": 1.0,
  "test/sim_max_reward_100037": 0.9954811305798154,
  "test/sim_max_reward_100038": 0.0,
  "test/sim_max_reward_100039": 0.996425244881239,
  "test/sim_max_reward_100040": 1.0,
  "test/sim_max_reward_100041": 0.9596323712465212,
  "test/sim_max_reward_100042": 1.0,
  "test/sim_max_reward_100043": 1.0,
  "test/sim_max_reward_100044": 1.0,
  "test/sim_max_reward_100045": 1.0,
  "test/sim_max_reward_100046": 1.0,
  "test/sim_max_reward_100047": 1.0,
  "test/sim_max_reward_100048": 1.0,
  "test/sim_max_reward_100049": 0.9683464382222876,
  "test/sim_video_100000": "eval_results/optim/lambda0.25_window16/pusht_5/media/tmfq4v0a.mp4",
  "test/sim_video_100001": "eval_results/optim/lambda0.25_window16/pusht_5/media/woy83zwk.mp4",
  "test/sim_video_100002": "eval_results/optim/lambda0.25_window16/pusht_5/media/xvkevcn9.mp4",
  "test/sim_video_100003": "eval_results/optim/lambda0.25_window16/pusht_5/media/6l3n70h0.mp4",
  "train/mean_score": 0.9805797473367718,
  "train/sim_max_reward_0": 0.9172883921177941,
  "train/sim_max_reward_1": 0.9846804989363993,
  "train/sim_max_reward_2": 0.9815095929664372,
  "train/sim_max_reward_3": 1.0,
  "train/sim_max_reward_4": 1.0,
  "train/sim_max_reward_5": 1.0,
  "train/sim_video_0": "eval_results/optim/lambda0.25_window16/pusht_5/media/3c08gbav.mp4",
  "train/sim_video_1": "eval_results/optim/lambda0.25_window16/pusht_5/media/1gop40nn.mp4"
}