{
  "test/mean_score": 0.9544941507868598,
  "test/sim_max_reward_100000": 1.0,
  "test/sim_max_reward_100001": 1.0,
  "test/sim_max_reward_100002": 1.0,
  "test/sim_max_reward_100003": 1.0,
  "test/sim_max_reward_100004": 1.0,
  "test/sim_max_reward_100005": 1.0,
  "test/sim_max_reward_100006": 1.0,
  "test/sim_max_reward_100007": 1.0,
  "test/sim_max_reward_100008": 1.0,
  "test/sim_max_reward_100009": 1.0,
  "test/sim_max_reward_100010": 0.9901514564664837,
  "test/sim_max_reward_100011": 0.0,
  "test/sim_max_reward_100012": 1.0,
  "test/sim_max_reward_100013": 0.9773997741169337,
  "test/sim_max_reward_100014": 0.9824932560950748,
  "test/sim_max_reward_100015": 0.9768640640827333,
  "test/sim_max_reward_100016": 1.0,
  "test/sim_max_reward_100017": 0.9646238079853324,
  "test/sim_max_reward_100018": 1.0,
  "test/sim_max_reward_100019": 0.9954974729175375,
  "test/sim_max_reward_100020": 1.0,
  "test/sim_max_reward_100021": 1.0,
  "test/sim_max_reward_100022": 1.0,
  "test/sim_max_reward_100023": 1.0,
  "test/sim_max_reward_100024": 1.0,
  "test/sim_max_reward_100025": 0.9954333434616462,
  "test/sim_max_reward_100026": 1.0,
  "test/sim_max_reward_100027": 1.0,
  "test/sim_max_reward_100028": 1.0,
  "test/sim_max_reward_100029": 0.9951792653728867,
  "test/sim_max_reward_100030": 1.0,
  "test/sim_max_reward_100031": 1.0,
  "test/sim_max_reward_100032": 1.0,
  "test/sim_max_reward_100033": 1.0,
  "test/sim_max_reward_100034": 1.0,
  "test/sim_max_reward_100035": 0.0,
  "test/sim_max_reward_100036": 1.0,
  "test/sim_max_reward_100037": 0.9701861877509472,
  "test/sim_max_reward_100038": 0.9353860014550707,
  "test/sim_max_reward_100039": 1.0,
  "test/sim_max_reward_100040": 1.0,
  "test/sim_max_reward_100041": 0.9469019993081854,
  "test/sim_max_reward_100042": 1.0,
  "test/sim_max_reward_100043": 1.0,
  "test/sim_max_reward_100044": 1.0,
  "test/sim_max_reward_100045": 1.0,
  "test/sim_max_reward_100046": 1.0,
  "test/sim_max_reward_100047": 1.0,
  "test/sim_max_reward_100048": 0.994590910330166,
  "test/sim_max_reward_100049": 1.0,
  "test/sim_video_100000": "checkpoints/pushT_step100/media/uqsjlb5i.mp4",
  "test/sim_video_100001": "checkpoints/pushT_step100/media/53by1y96.mp4",
  "test/sim_video_100002": "checkpoints/pushT_step100/media/0r26xasw.mp4",
  "test/sim_video_100003": "checkpoints/pushT_step100/media/hs3b5vil.mp4",
  "train/mean_score": 0.997861847938074,
  "train/sim_max_reward_0": 0.9937732454211449,
  "train/sim_max_reward_1": 1.0,
  "train/sim_max_reward_2": 1.0,
  "train/sim_max_reward_3": 1.0,
  "train/sim_max_reward_4": 0.9933978422072997,
  "train/sim_max_reward_5": 1.0,
  "train/sim_video_0": "checkpoints/pushT_step100/media/a2n70pxt.mp4",
  "train/sim_video_1": "checkpoints/pushT_step100/media/7p4rzjkx.mp4"
}