{
  "test/mean_score": 0.9594373081474611,
  "test/sim_max_reward_100000": 0.9996014475388683,
  "test/sim_max_reward_100001": 1.0,
  "test/sim_max_reward_100002": 0.9792285654582774,
  "test/sim_max_reward_100003": 1.0,
  "test/sim_max_reward_100004": 1.0,
  "test/sim_max_reward_100005": 1.0,
  "test/sim_max_reward_100006": 0.9704425240664533,
  "test/sim_max_reward_100007": 1.0,
  "test/sim_max_reward_100008": 1.0,
  "test/sim_max_reward_100009": 1.0,
  "test/sim_max_reward_100010": 1.0,
  "test/sim_max_reward_100011": 1.0,
  "test/sim_max_reward_100012": 0.997326584152224,
  "test/sim_max_reward_100013": 0.9504875832999802,
  "test/sim_max_reward_100014": 1.0,
  "test/sim_max_reward_100015": 1.0,
  "test/sim_max_reward_100016": 1.0,
  "test/sim_max_reward_100017": 1.0,
  "test/sim_max_reward_100018": 1.0,
  "test/sim_max_reward_100019": 0.6063808007701229,
  "test/sim_max_reward_100020": 1.0,
  "test/sim_max_reward_100021": 1.0,
  "test/sim_max_reward_100022": 1.0,
  "test/sim_max_reward_100023": 1.0,
  "test/sim_max_reward_100024": 0.9942532286635392,
  "test/sim_max_reward_100025": 1.0,
  "test/sim_max_reward_100026": 0.9854561522529982,
  "test/sim_max_reward_100027": 0.989311022280584,
  "test/sim_max_reward_100028": 1.0,
  "test/sim_max_reward_100029": 1.0,
  "test/sim_max_reward_100030": 1.0,
  "test/sim_max_reward_100031": 1.0,
  "test/sim_max_reward_100032": 1.0,
  "test/sim_max_reward_100033": 1.0,
  "test/sim_max_reward_100034": 1.0,
  "test/sim_max_reward_100035": 0.0,
  "test/sim_max_reward_100036": 1.0,
  "test/sim_max_reward_100037": 0.9610504106069301,
  "test/sim_max_reward_100038": 0.9529561697307042,
  "test/sim_max_reward_100039": 1.0,
  "test/sim_max_reward_100040": 1.0,
  "test/sim_max_reward_100041": 0.6247093091528217,
  "test/sim_max_reward_100042": 1.0,
  "test/sim_max_reward_100043": 1.0,
  "test/sim_max_reward_100044": 1.0,
  "test/sim_max_reward_100045": 1.0,
  "test/sim_max_reward_100046": 1.0,
  "test/sim_max_reward_100047": 1.0,
  "test/sim_max_reward_100048": 0.9606616093995437,
  "test/sim_max_reward_100049": 1.0,
  "test/sim_video_100000": "eval_results/origin/pusht_80/media/o5itchz7.mp4",
  "test/sim_video_100001": "eval_results/origin/pusht_80/media/mntitgqm.mp4",
  "test/sim_video_100002": "eval_results/origin/pusht_80/media/qvkjpg03.mp4",
  "test/sim_video_100003": "eval_results/origin/pusht_80/media/8cko80cb.mp4",
  "train/mean_score": 0.9232981994866508,
  "train/sim_max_reward_0": 0.5514726901898862,
  "train/sim_max_reward_1": 1.0,
  "train/sim_max_reward_2": 1.0,
  "train/sim_max_reward_3": 0.9940849070693738,
  "train/sim_max_reward_4": 1.0,
  "train/sim_max_reward_5": 0.9942315996606452,
  "train/sim_video_0": "eval_results/origin/pusht_80/media/lz58m39y.mp4",
  "train/sim_video_1": "eval_results/origin/pusht_80/media/mx5zz0nf.mp4"
}