{
  "test/mean_score": 0.20094945478671844,
  "test/sim_max_reward_100000": 0.0,
  "test/sim_max_reward_100001": 0.17785419038837721,
  "test/sim_max_reward_100002": 0.0,
  "test/sim_max_reward_100003": 0.19691767329147344,
  "test/sim_max_reward_100004": 0.3494730814674179,
  "test/sim_max_reward_100005": 0.0,
  "test/sim_max_reward_100006": 0.0,
  "test/sim_max_reward_100007": 0.8553475976187892,
  "test/sim_max_reward_100008": 0.07888839123071668,
  "test/sim_max_reward_100009": 0.0,
  "test/sim_max_reward_100010": 0.14013850138604844,
  "test/sim_max_reward_100011": 0.3139834031935442,
  "test/sim_max_reward_100012": 0.2225835661579689,
  "test/sim_max_reward_100013": 0.43242753434455117,
  "test/sim_max_reward_100014": 0.0,
  "test/sim_max_reward_100015": 0.49713872217330957,
  "test/sim_max_reward_100016": 0.48957477638072117,
  "test/sim_max_reward_100017": 0.5491216466718228,
  "test/sim_max_reward_100018": 0.031125780010250938,
  "test/sim_max_reward_100019": 0.23101146407629639,
  "test/sim_max_reward_100020": 0.0,
  "test/sim_max_reward_100021": 0.1312037855843786,
  "test/sim_max_reward_100022": 0.39074174089847763,
  "test/sim_max_reward_100023": 0.0,
  "test/sim_max_reward_100024": 0.21273544207883324,
  "test/sim_max_reward_100025": 0.0,
  "test/sim_max_reward_100026": 0.0,
  "test/sim_max_reward_100027": 0.0,
  "test/sim_max_reward_100028": 0.4734037666393354,
  "test/sim_max_reward_100029": 0.8391694326473274,
  "test/sim_max_reward_100030": 0.0,
  "test/sim_max_reward_100031": 0.0,
  "test/sim_max_reward_100032": 0.11866552186273564,
  "test/sim_max_reward_100033": 0.11053783429997725,
  "test/sim_max_reward_100034": 0.026628817516326706,
  "test/sim_max_reward_100035": 0.0,
  "test/sim_max_reward_100036": 0.13276323537330595,
  "test/sim_max_reward_100037": 0.0,
  "test/sim_max_reward_100038": 0.23071371040881664,
  "test/sim_max_reward_100039": 0.348972081492984,
  "test/sim_max_reward_100040": 0.4064183364658523,
  "test/sim_max_reward_100041": 0.656361117813082,
  "test/sim_max_reward_100042": 0.145180563772061,
  "test/sim_max_reward_100043": 0.5130215632300902,
  "test/sim_max_reward_100044": 0.0,
  "test/sim_max_reward_100045": 0.16951285974737804,
  "test/sim_max_reward_100046": 0.3900209062472995,
  "test/sim_max_reward_100047": 0.036910234227354156,
  "test/sim_max_reward_100048": 0.14892546063901924,
  "test/sim_max_reward_100049": 0.0,
  "test/sim_video_100000": "eval_results/optim/lambda0.4_window25/pusht_2/media/om2am6d8.mp4",
  "test/sim_video_100001": "eval_results/optim/lambda0.4_window25/pusht_2/media/z6i6gcjx.mp4",
  "test/sim_video_100002": "eval_results/optim/lambda0.4_window25/pusht_2/media/yvy7s59u.mp4",
  "test/sim_video_100003": "eval_results/optim/lambda0.4_window25/pusht_2/media/o2zu1hzz.mp4",
  "train/mean_score": 0.2522886897647749,
  "train/sim_max_reward_0": 0.35522139852573553,
  "train/sim_max_reward_1": 0.0006754812217992413,
  "train/sim_max_reward_2": 0.4561034578938943,
  "train/sim_max_reward_3": 0.005346799874240531,
  "train/sim_max_reward_4": 0.40106076442250793,
  "train/sim_max_reward_5": 0.2953242366504721,
  "train/sim_video_0": "eval_results/optim/lambda0.4_window25/pusht_2/media/af6lsmkx.mp4",
  "train/sim_video_1": "eval_results/optim/lambda0.4_window25/pusht_2/media/rya4exio.mp4"
}