{
  "test/mean_score": 0.8332880684119972,
  "test/sim_max_reward_100000": 0.6983301700292175,
  "test/sim_max_reward_100001": 0.9906522140026357,
  "test/sim_max_reward_100002": 0.8685526840187708,
  "test/sim_max_reward_100003": 0.9573204914498953,
  "test/sim_max_reward_100004": 0.7105299997718675,
  "test/sim_max_reward_100005": 0.9697485653142996,
  "test/sim_max_reward_100006": 0.9662367809919782,
  "test/sim_max_reward_100007": 0.6884564966083004,
  "test/sim_max_reward_100008": 0.7791872727384029,
  "test/sim_max_reward_100009": 1.0,
  "test/sim_max_reward_100010": 0.7214215278197446,
  "test/sim_max_reward_100011": 0.6190407325339524,
  "test/sim_max_reward_100012": 0.683346294498205,
  "test/sim_max_reward_100013": 1.0,
  "test/sim_max_reward_100014": 1.0,
  "test/sim_max_reward_100015": 1.0,
  "test/sim_max_reward_100016": 1.0,
  "test/sim_max_reward_100017": 0.7152669373194245,
  "test/sim_max_reward_100018": 0.7065898562499996,
  "test/sim_max_reward_100019": 1.0,
  "test/sim_max_reward_100020": 0.7043694551577634,
  "test/sim_max_reward_100021": 0.9884736257934554,
  "test/sim_max_reward_100022": 1.0,
  "test/sim_max_reward_100023": 0.9921660439310833,
  "test/sim_max_reward_100024": 0.9646425925236701,
  "test/sim_max_reward_100025": 0.677572849275882,
  "test/sim_max_reward_100026": 0.8784945050852924,
  "test/sim_max_reward_100027": 1.0,
  "test/sim_max_reward_100028": 0.8274397694832086,
  "test/sim_max_reward_100029": 0.7146812768210186,
  "test/sim_max_reward_100030": 1.0,
  "test/sim_max_reward_100031": 0.6756956320541959,
  "test/sim_max_reward_100032": 0.7171959865220648,
  "test/sim_max_reward_100033": 0.71945725668928,
  "test/sim_max_reward_100034": 0.5701753560909917,
  "test/sim_max_reward_100035": 1.0,
  "test/sim_max_reward_100036": 1.0,
  "test/sim_max_reward_100037": 0.5362115132264991,
  "test/sim_max_reward_100038": 0.47807412373714003,
  "test/sim_max_reward_100039": 0.9751271292390599,
  "test/sim_max_reward_100040": 0.9423367425621353,
  "test/sim_max_reward_100041": 0.9855163705218589,
  "test/sim_max_reward_100042": 0.624554382482763,
  "test/sim_max_reward_100043": 0.7800256364235342,
  "test/sim_max_reward_100044": 0.724459330612618,
  "test/sim_max_reward_100045": 1.0,
  "test/sim_max_reward_100046": 0.9672417884213869,
  "test/sim_max_reward_100047": 0.7284704210175882,
  "test/sim_max_reward_100048": 0.7191532495217718,
  "test/sim_max_reward_100049": 0.6981883600588987,
  "test/sim_video_100000": "eval_results/origin/pusht_multitask_20/media/fshjq268.mp4",
  "test/sim_video_100001": "eval_results/origin/pusht_multitask_20/media/u5rayy9f.mp4",
  "test/sim_video_100002": "eval_results/origin/pusht_multitask_20/media/2yiju2lf.mp4",
  "test/sim_video_100003": "eval_results/origin/pusht_multitask_20/media/ghfde3rc.mp4",
  "train/mean_score": 0.7315128379150638,
  "train/sim_max_reward_0": 0.9659487344682665,
  "train/sim_max_reward_1": 0.1696859476585484,
  "train/sim_max_reward_2": 0.6994991652025309,
  "train/sim_max_reward_3": 0.9415545118950428,
  "train/sim_max_reward_4": 0.8246860141458217,
  "train/sim_max_reward_5": 0.7877026541201728,
  "train/sim_video_0": "eval_results/origin/pusht_multitask_20/media/o30wz5tu.mp4",
  "train/sim_video_1": "eval_results/origin/pusht_multitask_20/media/wuow17ua.mp4"
}