{
  "test/mean_score": 0.17003717120530354,
  "test/sim_max_reward_100000": 0.4004002806410832,
  "test/sim_max_reward_100001": 0.0,
  "test/sim_max_reward_100002": 0.0,
  "test/sim_max_reward_100003": 0.5913235660098003,
  "test/sim_max_reward_100004": 0.0,
  "test/sim_max_reward_100005": 0.3954689762399494,
  "test/sim_max_reward_100006": 0.20482163706019843,
  "test/sim_max_reward_100007": 0.009499198774041314,
  "test/sim_max_reward_100008": 0.0,
  "test/sim_max_reward_100009": 0.36736064646947175,
  "test/sim_max_reward_100010": 0.39414152362057486,
  "test/sim_max_reward_100011": 0.0,
  "test/sim_max_reward_100012": 0.2500540016432059,
  "test/sim_max_reward_100013": 0.16703246152186896,
  "test/sim_max_reward_100014": 0.22846461984855845,
  "test/sim_max_reward_100015": 0.5702822827720414,
  "test/sim_max_reward_100016": 0.1294455215090775,
  "test/sim_max_reward_100017": 0.056525729073181534,
  "test/sim_max_reward_100018": 0.5043894832951906,
  "test/sim_max_reward_100019": 0.0,
  "test/sim_max_reward_100020": 0.1951099231015473,
  "test/sim_max_reward_100021": 0.0,
  "test/sim_max_reward_100022": 0.0,
  "test/sim_max_reward_100023": 0.5382701538915935,
  "test/sim_max_reward_100024": 0.23199629765551355,
  "test/sim_max_reward_100025": 0.4467829315967192,
  "test/sim_max_reward_100026": 0.3334694941981635,
  "test/sim_max_reward_100027": 0.0135128094159215,
  "test/sim_max_reward_100028": 0.3561656686823254,
  "test/sim_max_reward_100029": 0.3721838054361499,
  "test/sim_max_reward_100030": 0.0,
  "test/sim_max_reward_100031": 0.01462314326201555,
  "test/sim_max_reward_100032": 0.1325545540049015,
  "test/sim_max_reward_100033": 0.0019355644618946454,
  "test/sim_max_reward_100034": 0.0,
  "test/sim_max_reward_100035": 0.22851910595405753,
  "test/sim_max_reward_100036": 0.0,
  "test/sim_max_reward_100037": 0.3348618573392171,
  "test/sim_max_reward_100038": 0.0,
  "test/sim_max_reward_100039": 0.0,
  "test/sim_max_reward_100040": 0.0,
  "test/sim_max_reward_100041": 0.28343569492135845,
  "test/sim_max_reward_100042": 0.0,
  "test/sim_max_reward_100043": 0.0,
  "test/sim_max_reward_100044": 0.3412420650505518,
  "test/sim_max_reward_100045": 0.0,
  "test/sim_max_reward_100046": 0.3585550853860677,
  "test/sim_max_reward_100047": 0.049430477428935374,
  "test/sim_max_reward_100048": 0.0,
  "test/sim_max_reward_100049": 0.0,
  "test/sim_video_100000": "eval_results/optim/lambda0.4_window15/pusht_multitask_2/media/zh4e2ary.mp4",
  "test/sim_video_100001": "eval_results/optim/lambda0.4_window15/pusht_multitask_2/media/g04chamn.mp4",
  "test/sim_video_100002": "eval_results/optim/lambda0.4_window15/pusht_multitask_2/media/3bayfu26.mp4",
  "test/sim_video_100003": "eval_results/optim/lambda0.4_window15/pusht_multitask_2/media/yh8zhh9q.mp4",
  "train/mean_score": 0.20774339247911308,
  "train/sim_max_reward_0": 0.3517929217187596,
  "train/sim_max_reward_1": 0.0,
  "train/sim_max_reward_2": 0.0,
  "train/sim_max_reward_3": 0.43711113157829157,
  "train/sim_max_reward_4": 0.31192164519234494,
  "train/sim_max_reward_5": 0.1456346563852824,
  "train/sim_video_0": "eval_results/optim/lambda0.4_window15/pusht_multitask_2/media/k7ddioe1.mp4",
  "train/sim_video_1": "eval_results/optim/lambda0.4_window15/pusht_multitask_2/media/duuaeqgj.mp4"
}