{
  "test/mean_score": 0.9503652641590277,
  "test/sim_max_reward_100000": 1.0,
  "test/sim_max_reward_100001": 1.0,
  "test/sim_max_reward_100002": 1.0,
  "test/sim_max_reward_100003": 1.0,
  "test/sim_max_reward_100004": 1.0,
  "test/sim_max_reward_100005": 1.0,
  "test/sim_max_reward_100006": 1.0,
  "test/sim_max_reward_100007": 1.0,
  "test/sim_max_reward_100008": 1.0,
  "test/sim_max_reward_100009": 1.0,
  "test/sim_max_reward_100010": 0.9779019807462884,
  "test/sim_max_reward_100011": 1.0,
  "test/sim_max_reward_100012": 1.0,
  "test/sim_max_reward_100013": 0.9975590813144491,
  "test/sim_max_reward_100014": 1.0,
  "test/sim_max_reward_100015": 0.979076541752425,
  "test/sim_max_reward_100016": 1.0,
  "test/sim_max_reward_100017": 1.0,
  "test/sim_max_reward_100018": 1.0,
  "test/sim_max_reward_100019": 0.9013898329520741,
  "test/sim_max_reward_100020": 0.9632175619099492,
  "test/sim_max_reward_100021": 1.0,
  "test/sim_max_reward_100022": 1.0,
  "test/sim_max_reward_100023": 1.0,
  "test/sim_max_reward_100024": 1.0,
  "test/sim_max_reward_100025": 1.0,
  "test/sim_max_reward_100026": 0.9969883894458726,
  "test/sim_max_reward_100027": 0.9660213339921031,
  "test/sim_max_reward_100028": 0.9854200668566117,
  "test/sim_max_reward_100029": 1.0,
  "test/sim_max_reward_100030": 0.9949395635264644,
  "test/sim_max_reward_100031": 0.9986820225862566,
  "test/sim_max_reward_100032": 1.0,
  "test/sim_max_reward_100033": 1.0,
  "test/sim_max_reward_100034": 1.0,
  "test/sim_max_reward_100035": 0.0,
  "test/sim_max_reward_100036": 1.0,
  "test/sim_max_reward_100037": 0.9774455620470178,
  "test/sim_max_reward_100038": 0.30309161079721775,
  "test/sim_max_reward_100039": 1.0,
  "test/sim_max_reward_100040": 0.9931322017392777,
  "test/sim_max_reward_100041": 0.5071855995315391,
  "test/sim_max_reward_100042": 1.0,
  "test/sim_max_reward_100043": 1.0,
  "test/sim_max_reward_100044": 1.0,
  "test/sim_max_reward_100045": 1.0,
  "test/sim_max_reward_100046": 1.0,
  "test/sim_max_reward_100047": 1.0,
  "test/sim_max_reward_100048": 0.9950751996341713,
  "test/sim_max_reward_100049": 0.9811366591196616,
  "test/sim_video_100000": "checkpoints/pusht_act_diff_testing_steps_4/media/mghr2f0l.mp4",
  "test/sim_video_100001": "checkpoints/pusht_act_diff_testing_steps_4/media/lhtrthnp.mp4",
  "test/sim_video_100002": "checkpoints/pusht_act_diff_testing_steps_4/media/2eeo5tf6.mp4",
  "test/sim_video_100003": "checkpoints/pusht_act_diff_testing_steps_4/media/eg5mnwz4.mp4",
  "train/mean_score": 0.9942016732918871,
  "train/sim_max_reward_0": 0.9958205567261496,
  "train/sim_max_reward_1": 1.0,
  "train/sim_max_reward_2": 0.9711337519698603,
  "train/sim_max_reward_3": 0.9982557310553126,
  "train/sim_max_reward_4": 1.0,
  "train/sim_max_reward_5": 1.0,
  "train/sim_video_0": "checkpoints/pusht_act_diff_testing_steps_4/media/j17cu8th.mp4",
  "train/sim_video_1": "checkpoints/pusht_act_diff_testing_steps_4/media/75id9a19.mp4"
}