{
  "test/mean_score": 0.9729522320430533,
  "test/sim_max_reward_100000": 0.9836561856231776,
  "test/sim_max_reward_100001": 1.0,
  "test/sim_max_reward_100002": 1.0,
  "test/sim_max_reward_100003": 1.0,
  "test/sim_max_reward_100004": 1.0,
  "test/sim_max_reward_100005": 1.0,
  "test/sim_max_reward_100006": 0.984926413304852,
  "test/sim_max_reward_100007": 1.0,
  "test/sim_max_reward_100008": 1.0,
  "test/sim_max_reward_100009": 1.0,
  "test/sim_max_reward_100010": 0.9400397786748647,
  "test/sim_max_reward_100011": 1.0,
  "test/sim_max_reward_100012": 0.942567934144477,
  "test/sim_max_reward_100013": 0.9948205068046697,
  "test/sim_max_reward_100014": 1.0,
  "test/sim_max_reward_100015": 0.9838001922189105,
  "test/sim_max_reward_100016": 1.0,
  "test/sim_max_reward_100017": 1.0,
  "test/sim_max_reward_100018": 1.0,
  "test/sim_max_reward_100019": 1.0,
  "test/sim_max_reward_100020": 1.0,
  "test/sim_max_reward_100021": 0.994084630056316,
  "test/sim_max_reward_100022": 0.9886115237777349,
  "test/sim_max_reward_100023": 1.0,
  "test/sim_max_reward_100024": 1.0,
  "test/sim_max_reward_100025": 1.0,
  "test/sim_max_reward_100026": 1.0,
  "test/sim_max_reward_100027": 1.0,
  "test/sim_max_reward_100028": 1.0,
  "test/sim_max_reward_100029": 1.0,
  "test/sim_max_reward_100030": 0.9983328118107032,
  "test/sim_max_reward_100031": 0.9876372306940499,
  "test/sim_max_reward_100032": 0.9918773377055774,
  "test/sim_max_reward_100033": 0.9494643446578941,
  "test/sim_max_reward_100034": 0.9887961622440808,
  "test/sim_max_reward_100035": 1.0,
  "test/sim_max_reward_100036": 0.9973147433953116,
  "test/sim_max_reward_100037": 1.0,
  "test/sim_max_reward_100038": 0.0,
  "test/sim_max_reward_100039": 1.0,
  "test/sim_max_reward_100040": 0.9934069244135418,
  "test/sim_max_reward_100041": 1.0,
  "test/sim_max_reward_100042": 0.9566807749082309,
  "test/sim_max_reward_100043": 1.0,
  "test/sim_max_reward_100044": 1.0,
  "test/sim_max_reward_100045": 0.9715941077182711,
  "test/sim_max_reward_100046": 1.0,
  "test/sim_max_reward_100047": 1.0,
  "test/sim_max_reward_100048": 1.0,
  "test/sim_max_reward_100049": 1.0,
  "test/sim_video_100000": "eval_results/optim/lambda0.2_window17/pusht_5/media/jjw4za73.mp4",
  "test/sim_video_100001": "eval_results/optim/lambda0.2_window17/pusht_5/media/oppyhean.mp4",
  "test/sim_video_100002": "eval_results/optim/lambda0.2_window17/pusht_5/media/46hxydli.mp4",
  "test/sim_video_100003": "eval_results/optim/lambda0.2_window17/pusht_5/media/pthk10m4.mp4",
  "train/mean_score": 0.9934594500501709,
  "train/sim_max_reward_0": 0.966509627571408,
  "train/sim_max_reward_1": 0.9942470727296171,
  "train/sim_max_reward_2": 1.0,
  "train/sim_max_reward_3": 1.0,
  "train/sim_max_reward_4": 1.0,
  "train/sim_max_reward_5": 1.0,
  "train/sim_video_0": "eval_results/optim/lambda0.2_window17/pusht_5/media/pkkv5bw4.mp4",
  "train/sim_video_1": "eval_results/optim/lambda0.2_window17/pusht_5/media/i0hcc475.mp4"
}