{
  "test/mean_score": 0.7798809314578566,
  "test/sim_max_reward_100000": 1.0,
  "test/sim_max_reward_100001": 0.7087962770837851,
  "test/sim_max_reward_100002": 0.9819773122320342,
  "test/sim_max_reward_100003": 1.0,
  "test/sim_max_reward_100004": 0.16963452432871595,
  "test/sim_max_reward_100005": 1.0,
  "test/sim_max_reward_100006": 0.7278439695472237,
  "test/sim_max_reward_100007": 0.8997281827889269,
  "test/sim_max_reward_100008": 0.9402478792587465,
  "test/sim_max_reward_100009": 0.9995166613774694,
  "test/sim_max_reward_100010": 1.0,
  "test/sim_max_reward_100011": 0.5741433066972558,
  "test/sim_max_reward_100012": 0.9381768189659031,
  "test/sim_max_reward_100013": 0.9912064817928782,
  "test/sim_max_reward_100014": 0.9820549748332434,
  "test/sim_max_reward_100015": 1.0,
  "test/sim_max_reward_100016": 0.9734041836005908,
  "test/sim_max_reward_100017": 0.2698855759289913,
  "test/sim_max_reward_100018": 0.9850261728714101,
  "test/sim_max_reward_100019": 0.941587875282869,
  "test/sim_max_reward_100020": 0.43048838250443167,
  "test/sim_max_reward_100021": 0.9620802787017053,
  "test/sim_max_reward_100022": 0.9701315636921548,
  "test/sim_max_reward_100023": 0.9081959255657496,
  "test/sim_max_reward_100024": 0.15119623361578552,
  "test/sim_max_reward_100025": 0.712024370441221,
  "test/sim_max_reward_100026": 0.9360549061336131,
  "test/sim_max_reward_100027": 1.0,
  "test/sim_max_reward_100028": 0.7167759567119303,
  "test/sim_max_reward_100029": 0.7202001977078158,
  "test/sim_max_reward_100030": 0.6200854980430885,
  "test/sim_max_reward_100031": 1.0,
  "test/sim_max_reward_100032": 0.6959421484409097,
  "test/sim_max_reward_100033": 1.0,
  "test/sim_max_reward_100034": 0.9947903137729948,
  "test/sim_max_reward_100035": 0.9111430114357402,
  "test/sim_max_reward_100036": 0.8017363521785259,
  "test/sim_max_reward_100037": 0.35296067841830137,
  "test/sim_max_reward_100038": 0.0,
  "test/sim_max_reward_100039": 0.7194764928434905,
  "test/sim_max_reward_100040": 0.47486255479660405,
  "test/sim_max_reward_100041": 0.6953437638695537,
  "test/sim_max_reward_100042": 0.15776905615602316,
  "test/sim_max_reward_100043": 0.9934781010176549,
  "test/sim_max_reward_100044": 0.6696527213240493,
  "test/sim_max_reward_100045": 0.9361645821862513,
  "test/sim_max_reward_100046": 1.0,
  "test/sim_max_reward_100047": 0.9595851255262628,
  "test/sim_max_reward_100048": 0.7178477800781684,
  "test/sim_max_reward_100049": 0.7028303811407678,
  "test/sim_video_100000": "eval_results/optim/lambda0.4_window15/pusht_multitask_50/media/wtagq6vr.mp4",
  "test/sim_video_100001": "eval_results/optim/lambda0.4_window15/pusht_multitask_50/media/ffsyfdaj.mp4",
  "test/sim_video_100002": "eval_results/optim/lambda0.4_window15/pusht_multitask_50/media/8jvwqcij.mp4",
  "test/sim_video_100003": "eval_results/optim/lambda0.4_window15/pusht_multitask_50/media/ekjviw47.mp4",
  "train/mean_score": 0.7118130313507405,
  "train/sim_max_reward_0": 0.6082970355960536,
  "train/sim_max_reward_1": 0.15146651632595592,
  "train/sim_max_reward_2": 1.0,
  "train/sim_max_reward_3": 1.0,
  "train/sim_max_reward_4": 0.9912510942359936,
  "train/sim_max_reward_5": 0.51986354194644,
  "train/sim_video_0": "eval_results/optim/lambda0.4_window15/pusht_multitask_50/media/v998yshk.mp4",
  "train/sim_video_1": "eval_results/optim/lambda0.4_window15/pusht_multitask_50/media/l1ibf3pm.mp4"
}