{
  "test/mean_score": 0.7520521366749121,
  "test/sim_max_reward_100000": 0.7204327189665651,
  "test/sim_max_reward_100001": 0.1845155033167694,
  "test/sim_max_reward_100002": 0.9222571678941867,
  "test/sim_max_reward_100003": 1.0,
  "test/sim_max_reward_100004": 0.6932983289733461,
  "test/sim_max_reward_100005": 0.5918239852176176,
  "test/sim_max_reward_100006": 1.0,
  "test/sim_max_reward_100007": 0.9765688714464891,
  "test/sim_max_reward_100008": 0.4782238433313416,
  "test/sim_max_reward_100009": 0.8607520673222491,
  "test/sim_max_reward_100010": 0.7248513089820591,
  "test/sim_max_reward_100011": 0.981838550611162,
  "test/sim_max_reward_100012": 1.0,
  "test/sim_max_reward_100013": 0.8853817974348035,
  "test/sim_max_reward_100014": 0.8734503709913004,
  "test/sim_max_reward_100015": 0.8314497237982627,
  "test/sim_max_reward_100016": 0.6906595316594529,
  "test/sim_max_reward_100017": 0.7797693637126115,
  "test/sim_max_reward_100018": 0.7216943293296982,
  "test/sim_max_reward_100019": 1.0,
  "test/sim_max_reward_100020": 0.9228783671659365,
  "test/sim_max_reward_100021": 1.0,
  "test/sim_max_reward_100022": 0.5595513345233004,
  "test/sim_max_reward_100023": 0.9569020787348564,
  "test/sim_max_reward_100024": 0.14767985551115978,
  "test/sim_max_reward_100025": 0.7292154876880929,
  "test/sim_max_reward_100026": 0.7245853355136755,
  "test/sim_max_reward_100027": 0.6795842226961281,
  "test/sim_max_reward_100028": 0.7094763741628818,
  "test/sim_max_reward_100029": 0.7279973111523681,
  "test/sim_max_reward_100030": 0.5536569744164624,
  "test/sim_max_reward_100031": 0.5473039815412135,
  "test/sim_max_reward_100032": 0.8365012861118964,
  "test/sim_max_reward_100033": 1.0,
  "test/sim_max_reward_100034": 0.7558132885121084,
  "test/sim_max_reward_100035": 0.5980246507818179,
  "test/sim_max_reward_100036": 0.9818156822840791,
  "test/sim_max_reward_100037": 0.9430091913639727,
  "test/sim_max_reward_100038": 0.3460483910991462,
  "test/sim_max_reward_100039": 0.7243197528054642,
  "test/sim_max_reward_100040": 0.9857705199892832,
  "test/sim_max_reward_100041": 0.5686785338626741,
  "test/sim_max_reward_100042": 0.8868174981879969,
  "test/sim_max_reward_100043": 0.0,
  "test/sim_max_reward_100044": 0.9868414221570614,
  "test/sim_max_reward_100045": 0.1642713523147686,
  "test/sim_max_reward_100046": 0.9691457114724896,
  "test/sim_max_reward_100047": 0.955773126739607,
  "test/sim_max_reward_100048": 1.0,
  "test/sim_max_reward_100049": 0.7239776399692422,
  "test/sim_video_100000": "eval_results/optim/lambda0.4_window15/pusht_multitask_3/media/l3byi554.mp4",
  "test/sim_video_100001": "eval_results/optim/lambda0.4_window15/pusht_multitask_3/media/6bl07mkp.mp4",
  "test/sim_video_100002": "eval_results/optim/lambda0.4_window15/pusht_multitask_3/media/tlo4kek9.mp4",
  "test/sim_video_100003": "eval_results/optim/lambda0.4_window15/pusht_multitask_3/media/25xcvhyo.mp4",
  "train/mean_score": 0.7426488129212042,
  "train/sim_max_reward_0": 0.8922507726741218,
  "train/sim_max_reward_1": 0.6205676834358073,
  "train/sim_max_reward_2": 0.0,
  "train/sim_max_reward_3": 0.9881572433114121,
  "train/sim_max_reward_4": 0.954928305346282,
  "train/sim_max_reward_5": 0.9999888727596026,
  "train/sim_video_0": "eval_results/optim/lambda0.4_window15/pusht_multitask_3/media/vfi8d7l3.mp4",
  "train/sim_video_1": "eval_results/optim/lambda0.4_window15/pusht_multitask_3/media/hzihhsvg.mp4"
}