{
  "test/mean_score": 0.9753821392375238,
  "test/sim_max_reward_100000": 1.0,
  "test/sim_max_reward_100001": 0.9952945872364876,
  "test/sim_max_reward_100002": 1.0,
  "test/sim_max_reward_100003": 1.0,
  "test/sim_max_reward_100004": 1.0,
  "test/sim_max_reward_100005": 1.0,
  "test/sim_max_reward_100006": 1.0,
  "test/sim_max_reward_100007": 0.9866451014585178,
  "test/sim_max_reward_100008": 1.0,
  "test/sim_max_reward_100009": 0.9851880323925994,
  "test/sim_max_reward_100010": 0.9972422807634973,
  "test/sim_max_reward_100011": 1.0,
  "test/sim_max_reward_100012": 1.0,
  "test/sim_max_reward_100013": 1.0,
  "test/sim_max_reward_100014": 0.9959721022357747,
  "test/sim_max_reward_100015": 1.0,
  "test/sim_max_reward_100016": 1.0,
  "test/sim_max_reward_100017": 0.9571366700089,
  "test/sim_max_reward_100018": 1.0,
  "test/sim_max_reward_100019": 1.0,
  "test/sim_max_reward_100020": 0.9975048040484138,
  "test/sim_max_reward_100021": 1.0,
  "test/sim_max_reward_100022": 1.0,
  "test/sim_max_reward_100023": 1.0,
  "test/sim_max_reward_100024": 1.0,
  "test/sim_max_reward_100025": 0.9796231426081715,
  "test/sim_max_reward_100026": 1.0,
  "test/sim_max_reward_100027": 0.9727477711363601,
  "test/sim_max_reward_100028": 0.9913016071764733,
  "test/sim_max_reward_100029": 1.0,
  "test/sim_max_reward_100030": 0.9619465671276609,
  "test/sim_max_reward_100031": 1.0,
  "test/sim_max_reward_100032": 1.0,
  "test/sim_max_reward_100033": 1.0,
  "test/sim_max_reward_100034": 0.9995760514803328,
  "test/sim_max_reward_100035": 0.0,
  "test/sim_max_reward_100036": 1.0,
  "test/sim_max_reward_100037": 0.9493004411015842,
  "test/sim_max_reward_100038": 1.0,
  "test/sim_max_reward_100039": 1.0,
  "test/sim_max_reward_100040": 1.0,
  "test/sim_max_reward_100041": 0.9996278031014192,
  "test/sim_max_reward_100042": 1.0,
  "test/sim_max_reward_100043": 1.0,
  "test/sim_max_reward_100044": 1.0,
  "test/sim_max_reward_100045": 1.0,
  "test/sim_max_reward_100046": 1.0,
  "test/sim_max_reward_100047": 1.0,
  "test/sim_max_reward_100048": 1.0,
  "test/sim_max_reward_100049": 1.0,
  "test/sim_video_100000": "eval_results/optim/pusht_100_test/media/b81bowtj.mp4",
  "test/sim_video_100001": "eval_results/optim/pusht_100_test/media/roqf2gj8.mp4",
  "test/sim_video_100002": "eval_results/optim/pusht_100_test/media/fr5l5fpk.mp4",
  "test/sim_video_100003": "eval_results/optim/pusht_100_test/media/x3b9iaoq.mp4",
  "train/mean_score": 0.9892451409579169,
  "train/sim_max_reward_0": 0.9354708457475021,
  "train/sim_max_reward_1": 1.0,
  "train/sim_max_reward_2": 1.0,
  "train/sim_max_reward_3": 1.0,
  "train/sim_max_reward_4": 1.0,
  "train/sim_max_reward_5": 1.0,
  "train/sim_video_0": "eval_results/optim/pusht_100_test/media/fh9zggtm.mp4",
  "train/sim_video_1": "eval_results/optim/pusht_100_test/media/5fa3vqqi.mp4"
}