{
  "test/mean_score": 0.13909308149994162,
  "test/sim_max_reward_100000": 0.16899917777424164,
  "test/sim_max_reward_100001": 0.0,
  "test/sim_max_reward_100002": 0.0,
  "test/sim_max_reward_100003": 0.3305120813843887,
  "test/sim_max_reward_100004": 0.0,
  "test/sim_max_reward_100005": 0.0673275572958295,
  "test/sim_max_reward_100006": 0.16129223021222522,
  "test/sim_max_reward_100007": 0.0,
  "test/sim_max_reward_100008": 0.0,
  "test/sim_max_reward_100009": 0.27969117527792475,
  "test/sim_max_reward_100010": 0.38173642349591835,
  "test/sim_max_reward_100011": 0.0,
  "test/sim_max_reward_100012": 0.15785669145598052,
  "test/sim_max_reward_100013": 0.48193978695818196,
  "test/sim_max_reward_100014": 0.23485980358445252,
  "test/sim_max_reward_100015": 0.5473660271649626,
  "test/sim_max_reward_100016": 0.1294455215090775,
  "test/sim_max_reward_100017": 0.0,
  "test/sim_max_reward_100018": 0.4519447049776942,
  "test/sim_max_reward_100019": 0.46248696163137337,
  "test/sim_max_reward_100020": 0.19510992310154732,
  "test/sim_max_reward_100021": 0.0,
  "test/sim_max_reward_100022": 0.0,
  "test/sim_max_reward_100023": 0.44974343692247987,
  "test/sim_max_reward_100024": 0.0,
  "test/sim_max_reward_100025": 0.0,
  "test/sim_max_reward_100026": 0.3334694941981635,
  "test/sim_max_reward_100027": 0.0,
  "test/sim_max_reward_100028": 0.24878164059758076,
  "test/sim_max_reward_100029": 0.0579827897983406,
  "test/sim_max_reward_100030": 0.0,
  "test/sim_max_reward_100031": 2.003520504240781e-05,
  "test/sim_max_reward_100032": 0.32984303433732487,
  "test/sim_max_reward_100033": 0.0019355644618946454,
  "test/sim_max_reward_100034": 0.27420647239066337,
  "test/sim_max_reward_100035": 0.0,
  "test/sim_max_reward_100036": 0.0,
  "test/sim_max_reward_100037": 0.0005477895288249686,
  "test/sim_max_reward_100038": 0.0,
  "test/sim_max_reward_100039": 0.0,
  "test/sim_max_reward_100040": 0.1550567725704394,
  "test/sim_max_reward_100041": 0.2956520569942378,
  "test/sim_max_reward_100042": 0.025827574037398368,
  "test/sim_max_reward_100043": 0.0,
  "test/sim_max_reward_100044": 0.35231112148613186,
  "test/sim_max_reward_100045": 0.0,
  "test/sim_max_reward_100046": 0.0502720482897062,
  "test/sim_max_reward_100047": 0.20431437418942452,
  "test/sim_max_reward_100048": 0.1241218041656297,
  "test/sim_max_reward_100049": 0.0,
  "test/sim_video_100000": "eval_results/origin/pusht_multitask_2/media/ky9xds8d.mp4",
  "test/sim_video_100001": "eval_results/origin/pusht_multitask_2/media/v3e0vcsp.mp4",
  "test/sim_video_100002": "eval_results/origin/pusht_multitask_2/media/l9lsqau1.mp4",
  "test/sim_video_100003": "eval_results/origin/pusht_multitask_2/media/0cs84kdn.mp4",
  "train/mean_score": 0.27021472054608126,
  "train/sim_max_reward_0": 0.18198633200295947,
  "train/sim_max_reward_1": 0.0,
  "train/sim_max_reward_2": 0.36357850801063973,
  "train/sim_max_reward_3": 0.4444898932494333,
  "train/sim_max_reward_4": 0.48559893362817264,
  "train/sim_max_reward_5": 0.1456346563852824,
  "train/sim_video_0": "eval_results/origin/pusht_multitask_2/media/mm3mmn7m.mp4",
  "train/sim_video_1": "eval_results/origin/pusht_multitask_2/media/w8x38g0m.mp4"
}