{
  "test/mean_score": 0.9894625156733955,
  "test/sim_max_reward_100000": 1.0,
  "test/sim_max_reward_100001": 1.0,
  "test/sim_max_reward_100002": 0.9664136549284574,
  "test/sim_max_reward_100003": 0.9957926424633778,
  "test/sim_max_reward_100004": 1.0,
  "test/sim_max_reward_100005": 1.0,
  "test/sim_max_reward_100006": 1.0,
  "test/sim_max_reward_100007": 1.0,
  "test/sim_max_reward_100008": 1.0,
  "test/sim_max_reward_100009": 1.0,
  "test/sim_max_reward_100010": 1.0,
  "test/sim_max_reward_100011": 0.977913687376778,
  "test/sim_max_reward_100012": 0.9640794219277722,
  "test/sim_max_reward_100013": 1.0,
  "test/sim_max_reward_100014": 1.0,
  "test/sim_max_reward_100015": 1.0,
  "test/sim_max_reward_100016": 1.0,
  "test/sim_max_reward_100017": 1.0,
  "test/sim_max_reward_100018": 1.0,
  "test/sim_max_reward_100019": 1.0,
  "test/sim_max_reward_100020": 1.0,
  "test/sim_max_reward_100021": 0.9910520123223616,
  "test/sim_max_reward_100022": 1.0,
  "test/sim_max_reward_100023": 1.0,
  "test/sim_max_reward_100024": 1.0,
  "test/sim_max_reward_100025": 1.0,
  "test/sim_max_reward_100026": 1.0,
  "test/sim_max_reward_100027": 1.0,
  "test/sim_max_reward_100028": 1.0,
  "test/sim_max_reward_100029": 1.0,
  "test/sim_max_reward_100030": 0.9390740379410023,
  "test/sim_max_reward_100031": 1.0,
  "test/sim_max_reward_100032": 1.0,
  "test/sim_max_reward_100033": 0.9871091119672056,
  "test/sim_max_reward_100034": 1.0,
  "test/sim_max_reward_100035": 0.9972615650546632,
  "test/sim_max_reward_100036": 0.948037930169137,
  "test/sim_max_reward_100037": 0.8774249173546166,
  "test/sim_max_reward_100038": 0.9033681241934615,
  "test/sim_max_reward_100039": 1.0,
  "test/sim_max_reward_100040": 1.0,
  "test/sim_max_reward_100041": 1.0,
  "test/sim_max_reward_100042": 1.0,
  "test/sim_max_reward_100043": 1.0,
  "test/sim_max_reward_100044": 1.0,
  "test/sim_max_reward_100045": 1.0,
  "test/sim_max_reward_100046": 1.0,
  "test/sim_max_reward_100047": 1.0,
  "test/sim_max_reward_100048": 0.954185034073422,
  "test/sim_max_reward_100049": 0.971413643897522,
  "test/sim_video_100000": "eval_results/origin/pusht_3/media/7q1ad3bm.mp4",
  "test/sim_video_100001": "eval_results/origin/pusht_3/media/ubsg0m1e.mp4",
  "test/sim_video_100002": "eval_results/origin/pusht_3/media/orv92l8m.mp4",
  "test/sim_video_100003": "eval_results/origin/pusht_3/media/stt9dgcq.mp4",
  "train/mean_score": 0.9896646182866006,
  "train/sim_max_reward_0": 0.9949220539286207,
  "train/sim_max_reward_1": 1.0,
  "train/sim_max_reward_2": 0.9687387942489072,
  "train/sim_max_reward_3": 0.9890110687799154,
  "train/sim_max_reward_4": 1.0,
  "train/sim_max_reward_5": 0.9853157927621609,
  "train/sim_video_0": "eval_results/origin/pusht_3/media/3oh90etv.mp4",
  "train/sim_video_1": "eval_results/origin/pusht_3/media/leojfc9f.mp4"
}