{
  "test/mean_score": 0.1005437475847883,
  "test/sim_max_reward_100000": 0.0,
  "test/sim_max_reward_100001": 0.23986057699286284,
  "test/sim_max_reward_100002": 0.0,
  "test/sim_max_reward_100003": 0.17881819568268698,
  "test/sim_max_reward_100004": 0.0,
  "test/sim_max_reward_100005": 0.0,
  "test/sim_max_reward_100006": 0.0,
  "test/sim_max_reward_100007": 0.3851495596238168,
  "test/sim_max_reward_100008": 0.07888839123071668,
  "test/sim_max_reward_100009": 0.015449091216937785,
  "test/sim_max_reward_100010": 0.14013850138604844,
  "test/sim_max_reward_100011": 0.0,
  "test/sim_max_reward_100012": 0.10857809695722839,
  "test/sim_max_reward_100013": 0.13864417215114028,
  "test/sim_max_reward_100014": 0.0,
  "test/sim_max_reward_100015": 0.49713872217330957,
  "test/sim_max_reward_100016": 0.0,
  "test/sim_max_reward_100017": 0.5170126857845714,
  "test/sim_max_reward_100018": 0.031125780010250938,
  "test/sim_max_reward_100019": 0.23101146407629639,
  "test/sim_max_reward_100020": 0.0,
  "test/sim_max_reward_100021": 0.19166731745953183,
  "test/sim_max_reward_100022": 0.2885635888432834,
  "test/sim_max_reward_100023": 0.0,
  "test/sim_max_reward_100024": 0.0,
  "test/sim_max_reward_100025": 0.0,
  "test/sim_max_reward_100026": 0.0,
  "test/sim_max_reward_100027": 0.0,
  "test/sim_max_reward_100028": 0.0,
  "test/sim_max_reward_100029": 0.15477593263930342,
  "test/sim_max_reward_100030": 0.0,
  "test/sim_max_reward_100031": 0.0010206848908889566,
  "test/sim_max_reward_100032": 0.11610866426856364,
  "test/sim_max_reward_100033": 0.06427958978392911,
  "test/sim_max_reward_100034": 0.026628817516326706,
  "test/sim_max_reward_100035": 0.0,
  "test/sim_max_reward_100036": 0.0,
  "test/sim_max_reward_100037": 0.0,
  "test/sim_max_reward_100038": 0.0,
  "test/sim_max_reward_100039": 0.06348055774568755,
  "test/sim_max_reward_100040": 0.26086164249528426,
  "test/sim_max_reward_100041": 0.006845348548407913,
  "test/sim_max_reward_100042": 0.4876410116842287,
  "test/sim_max_reward_100043": 0.0,
  "test/sim_max_reward_100044": 0.0,
  "test/sim_max_reward_100045": 0.1503953490022858,
  "test/sim_max_reward_100046": 0.3535087555255596,
  "test/sim_max_reward_100047": 0.1630285122454121,
  "test/sim_max_reward_100048": 0.13656636930485588,
  "test/sim_max_reward_100049": 0.0,
  "test/sim_video_100000": "eval_results/optim/copyTransformer_100/media/rkcfy41m.mp4",
  "test/sim_video_100001": "eval_results/optim/copyTransformer_100/media/62ksz8op.mp4",
  "test/sim_video_100002": "eval_results/optim/copyTransformer_100/media/i49l14yh.mp4",
  "test/sim_video_100003": "eval_results/optim/copyTransformer_100/media/1b92x1ck.mp4",
  "train/mean_score": 0.1329965916922139,
  "train/sim_max_reward_0": 0.19029749660605202,
  "train/sim_max_reward_1": 0.0006754812217992413,
  "train/sim_max_reward_2": 0.0,
  "train/sim_max_reward_3": 0.12889028612847284,
  "train/sim_max_reward_4": 0.009503307570729362,
  "train/sim_max_reward_5": 0.4686129786262298,
  "train/sim_video_0": "eval_results/optim/copyTransformer_100/media/9l3vt80g.mp4",
  "train/sim_video_1": "eval_results/optim/copyTransformer_100/media/o0syf8vb.mp4"
}