{
  "test/mean_score": 0.9612346662259589,
  "test/sim_max_reward_100000": 0.9977835271405272,
  "test/sim_max_reward_100001": 1.0,
  "test/sim_max_reward_100002": 1.0,
  "test/sim_max_reward_100003": 1.0,
  "test/sim_max_reward_100004": 1.0,
  "test/sim_max_reward_100005": 1.0,
  "test/sim_max_reward_100006": 1.0,
  "test/sim_max_reward_100007": 0.9833429950049682,
  "test/sim_max_reward_100008": 1.0,
  "test/sim_max_reward_100009": 0.9670697268246978,
  "test/sim_max_reward_100010": 1.0,
  "test/sim_max_reward_100011": 1.0,
  "test/sim_max_reward_100012": 0.9982204291706832,
  "test/sim_max_reward_100013": 1.0,
  "test/sim_max_reward_100014": 1.0,
  "test/sim_max_reward_100015": 1.0,
  "test/sim_max_reward_100016": 1.0,
  "test/sim_max_reward_100017": 1.0,
  "test/sim_max_reward_100018": 1.0,
  "test/sim_max_reward_100019": 1.0,
  "test/sim_max_reward_100020": 1.0,
  "test/sim_max_reward_100021": 1.0,
  "test/sim_max_reward_100022": 0.9995537559155965,
  "test/sim_max_reward_100023": 1.0,
  "test/sim_max_reward_100024": 1.0,
  "test/sim_max_reward_100025": 1.0,
  "test/sim_max_reward_100026": 0.9589662147728029,
  "test/sim_max_reward_100027": 1.0,
  "test/sim_max_reward_100028": 1.0,
  "test/sim_max_reward_100029": 1.0,
  "test/sim_max_reward_100030": 0.9852279038012275,
  "test/sim_max_reward_100031": 1.0,
  "test/sim_max_reward_100032": 0.949395234493994,
  "test/sim_max_reward_100033": 0.9796960991055382,
  "test/sim_max_reward_100034": 0.9913281870378455,
  "test/sim_max_reward_100035": 0.0,
  "test/sim_max_reward_100036": 1.0,
  "test/sim_max_reward_100037": 0.96632021440104,
  "test/sim_max_reward_100038": 0.8878163666806201,
  "test/sim_max_reward_100039": 0.9964878167752458,
  "test/sim_max_reward_100040": 0.9985195069711598,
  "test/sim_max_reward_100041": 0.4289674229286555,
  "test/sim_max_reward_100042": 1.0,
  "test/sim_max_reward_100043": 1.0,
  "test/sim_max_reward_100044": 0.9907778551927616,
  "test/sim_max_reward_100045": 0.9822600550805746,
  "test/sim_max_reward_100046": 1.0,
  "test/sim_max_reward_100047": 1.0,
  "test/sim_max_reward_100048": 1.0,
  "test/sim_max_reward_100049": 1.0,
  "test/sim_video_100000": "checkpoints/pushT_step10/media/iz8wag9i.mp4",
  "test/sim_video_100001": "checkpoints/pushT_step10/media/rssqr63b.mp4",
  "test/sim_video_100002": "checkpoints/pushT_step10/media/m6eksxtd.mp4",
  "test/sim_video_100003": "checkpoints/pushT_step10/media/d6vxy526.mp4",
  "train/mean_score": 0.9996968782703427,
  "train/sim_max_reward_0": 1.0,
  "train/sim_max_reward_1": 0.9981812696220559,
  "train/sim_max_reward_2": 1.0,
  "train/sim_max_reward_3": 1.0,
  "train/sim_max_reward_4": 1.0,
  "train/sim_max_reward_5": 1.0,
  "train/sim_video_0": "checkpoints/pushT_step10/media/nnbagkxq.mp4",
  "train/sim_video_1": "checkpoints/pushT_step10/media/4aaxq3dm.mp4"
}