{
  "test/mean_score": 0.20394927129076548,
  "test/sim_max_reward_100000": 0.0,
  "test/sim_max_reward_100001": 0.17785419038837721,
  "test/sim_max_reward_100002": 0.0,
  "test/sim_max_reward_100003": 0.436129180589867,
  "test/sim_max_reward_100004": 0.31288299299167716,
  "test/sim_max_reward_100005": 0.0,
  "test/sim_max_reward_100006": 0.0,
  "test/sim_max_reward_100007": 0.3851495596238168,
  "test/sim_max_reward_100008": 0.07888839123071668,
  "test/sim_max_reward_100009": 0.24340398440599198,
  "test/sim_max_reward_100010": 0.4228939739301365,
  "test/sim_max_reward_100011": 0.42720119211852337,
  "test/sim_max_reward_100012": 0.10857809695722839,
  "test/sim_max_reward_100013": 0.003674806877683116,
  "test/sim_max_reward_100014": 0.27652079404947266,
  "test/sim_max_reward_100015": 0.5317606043856952,
  "test/sim_max_reward_100016": 0.0,
  "test/sim_max_reward_100017": 0.5479780760216274,
  "test/sim_max_reward_100018": 0.1778920207711685,
  "test/sim_max_reward_100019": 0.4532260138305072,
  "test/sim_max_reward_100020": 0.17220284786603676,
  "test/sim_max_reward_100021": 0.0,
  "test/sim_max_reward_100022": 0.4133025205436869,
  "test/sim_max_reward_100023": 7.327628581892046e-05,
  "test/sim_max_reward_100024": 0.08774645611907841,
  "test/sim_max_reward_100025": 0.0,
  "test/sim_max_reward_100026": 0.0,
  "test/sim_max_reward_100027": 0.016757857641400455,
  "test/sim_max_reward_100028": 0.0,
  "test/sim_max_reward_100029": 0.4321911941616643,
  "test/sim_max_reward_100030": 0.0,
  "test/sim_max_reward_100031": 0.055491152406271296,
  "test/sim_max_reward_100032": 0.341759520107292,
  "test/sim_max_reward_100033": 0.3543711248114746,
  "test/sim_max_reward_100034": 0.5510479897281592,
  "test/sim_max_reward_100035": 0.0,
  "test/sim_max_reward_100036": 0.1946610102466457,
  "test/sim_max_reward_100037": 0.03966611800604602,
  "test/sim_max_reward_100038": 0.0,
  "test/sim_max_reward_100039": 0.38158473934097425,
  "test/sim_max_reward_100040": 0.26086164249528426,
  "test/sim_max_reward_100041": 0.006845348548407913,
  "test/sim_max_reward_100042": 0.0,
  "test/sim_max_reward_100043": 0.21035899713414088,
  "test/sim_max_reward_100044": 0.010494778189825669,
  "test/sim_max_reward_100045": 0.3827934885975648,
  "test/sim_max_reward_100046": 0.5407791427735257,
  "test/sim_max_reward_100047": 0.38538846982794045,
  "test/sim_max_reward_100048": 0.4885936418713936,
  "test/sim_max_reward_100049": 0.28645836966315574,
  "test/sim_video_100000": "eval_results/optim/pusht_2/media/wiuharla.mp4",
  "test/sim_video_100001": "eval_results/optim/pusht_2/media/4a91xoso.mp4",
  "test/sim_video_100002": "eval_results/optim/pusht_2/media/70g3lhds.mp4",
  "test/sim_video_100003": "eval_results/optim/pusht_2/media/24e0alg4.mp4",
  "train/mean_score": 0.25273560443599713,
  "train/sim_max_reward_0": 0.19029749660605202,
  "train/sim_max_reward_1": 0.4751885992603439,
  "train/sim_max_reward_2": 0.08286438981273495,
  "train/sim_max_reward_3": 0.300378059299443,
  "train/sim_max_reward_4": 0.0,
  "train/sim_max_reward_5": 0.4676850816374089,
  "train/sim_video_0": "eval_results/optim/pusht_2/media/0g8z2khb.mp4",
  "train/sim_video_1": "eval_results/optim/pusht_2/media/59i57rwk.mp4"
}