{
  "test/mean_score": 0.7179463900895044,
  "test/sim_max_reward_100000": 0.6430471044937071,
  "test/sim_max_reward_100001": 0.9794992416317617,
  "test/sim_max_reward_100002": 0.6451196045814152,
  "test/sim_max_reward_100003": 1.0,
  "test/sim_max_reward_100004": 1.0,
  "test/sim_max_reward_100005": 0.43444179579714864,
  "test/sim_max_reward_100006": 0.7232409006214328,
  "test/sim_max_reward_100007": 0.725667828020683,
  "test/sim_max_reward_100008": 0.04654281226119726,
  "test/sim_max_reward_100009": 0.7129405525681168,
  "test/sim_max_reward_100010": 0.6676558132119991,
  "test/sim_max_reward_100011": 0.7226811098342069,
  "test/sim_max_reward_100012": 0.0,
  "test/sim_max_reward_100013": 0.9889532803280688,
  "test/sim_max_reward_100014": 0.9981102760613757,
  "test/sim_max_reward_100015": 0.7170780132344152,
  "test/sim_max_reward_100016": 0.4010154258284741,
  "test/sim_max_reward_100017": 0.7260684083250316,
  "test/sim_max_reward_100018": 0.7207267324269433,
  "test/sim_max_reward_100019": 0.7245678261686894,
  "test/sim_max_reward_100020": 0.7170856986039179,
  "test/sim_max_reward_100021": 0.7291529107200647,
  "test/sim_max_reward_100022": 0.7242786486259136,
  "test/sim_max_reward_100023": 0.9707117258538072,
  "test/sim_max_reward_100024": 1.0,
  "test/sim_max_reward_100025": 0.892752836893696,
  "test/sim_max_reward_100026": 0.9569348787667059,
  "test/sim_max_reward_100027": 0.6927921024563034,
  "test/sim_max_reward_100028": 0.9752487137899123,
  "test/sim_max_reward_100029": 1.0,
  "test/sim_max_reward_100030": 0.6975386361892086,
  "test/sim_max_reward_100031": 0.000923189343358711,
  "test/sim_max_reward_100032": 0.6588359070438805,
  "test/sim_max_reward_100033": 0.7860020208472954,
  "test/sim_max_reward_100034": 0.715431531367714,
  "test/sim_max_reward_100035": 0.6630067830502288,
  "test/sim_max_reward_100036": 0.7249979578253243,
  "test/sim_max_reward_100037": 0.40260718745045815,
  "test/sim_max_reward_100038": 0.0,
  "test/sim_max_reward_100039": 0.8559275434511028,
  "test/sim_max_reward_100040": 0.5658559909833029,
  "test/sim_max_reward_100041": 1.0,
  "test/sim_max_reward_100042": 0.6983850309159082,
  "test/sim_max_reward_100043": 0.44755420690482917,
  "test/sim_max_reward_100044": 0.9832781750445473,
  "test/sim_max_reward_100045": 0.899501394524048,
  "test/sim_max_reward_100046": 0.983716594980058,
  "test/sim_max_reward_100047": 0.995095213766077,
  "test/sim_max_reward_100048": 0.7035955262043022,
  "test/sim_max_reward_100049": 0.8787523734785868,
  "test/sim_video_100000": "eval_results/optim/lambda0.4_window15/pusht_multitask_5/media/pkd72pxd.mp4",
  "test/sim_video_100001": "eval_results/optim/lambda0.4_window15/pusht_multitask_5/media/df3ao7rk.mp4",
  "test/sim_video_100002": "eval_results/optim/lambda0.4_window15/pusht_multitask_5/media/j3lmfnbn.mp4",
  "test/sim_video_100003": "eval_results/optim/lambda0.4_window15/pusht_multitask_5/media/eo7ox21x.mp4",
  "train/mean_score": 0.6553580860518465,
  "train/sim_max_reward_0": 0.9918864927804121,
  "train/sim_max_reward_1": 0.16585188880425045,
  "train/sim_max_reward_2": 0.9708240796328554,
  "train/sim_max_reward_3": 0.9958719495033276,
  "train/sim_max_reward_4": 0.6620794492049508,
  "train/sim_max_reward_5": 0.1456346563852824,
  "train/sim_video_0": "eval_results/optim/lambda0.4_window15/pusht_multitask_5/media/qb91rjnb.mp4",
  "train/sim_video_1": "eval_results/optim/lambda0.4_window15/pusht_multitask_5/media/xktdrzlf.mp4"
}