{
  "test/mean_score": 0.7531821712800615,
  "test/sim_max_reward_100000": 1.0,
  "test/sim_max_reward_100001": 0.9065389119902773,
  "test/sim_max_reward_100002": 0.6982485101599162,
  "test/sim_max_reward_100003": 0.9706860722350483,
  "test/sim_max_reward_100004": 0.7253991585513083,
  "test/sim_max_reward_100005": 0.7180828289437252,
  "test/sim_max_reward_100006": 1.0,
  "test/sim_max_reward_100007": 0.7012361060377509,
  "test/sim_max_reward_100008": 1.0,
  "test/sim_max_reward_100009": 0.8227885421064076,
  "test/sim_max_reward_100010": 0.7220197811435805,
  "test/sim_max_reward_100011": 1.0,
  "test/sim_max_reward_100012": 0.5853333651428313,
  "test/sim_max_reward_100013": 0.7107766497596634,
  "test/sim_max_reward_100014": 0.9190011764770742,
  "test/sim_max_reward_100015": 0.8765252855923237,
  "test/sim_max_reward_100016": 0.7111456378229406,
  "test/sim_max_reward_100017": 0.041795176945245094,
  "test/sim_max_reward_100018": 0.6805874194704199,
  "test/sim_max_reward_100019": 0.6320507163591258,
  "test/sim_max_reward_100020": 0.7060734659382538,
  "test/sim_max_reward_100021": 0.5809682809620139,
  "test/sim_max_reward_100022": 0.5565176035699472,
  "test/sim_max_reward_100023": 0.9806372899166799,
  "test/sim_max_reward_100024": 1.0,
  "test/sim_max_reward_100025": 0.9744059521142292,
  "test/sim_max_reward_100026": 0.718690760122164,
  "test/sim_max_reward_100027": 0.0,
  "test/sim_max_reward_100028": 0.47897966509246404,
  "test/sim_max_reward_100029": 0.7207448154295009,
  "test/sim_max_reward_100030": 0.0,
  "test/sim_max_reward_100031": 0.8699974920327316,
  "test/sim_max_reward_100032": 0.7105168178232667,
  "test/sim_max_reward_100033": 0.6375936230925559,
  "test/sim_max_reward_100034": 0.669709921479498,
  "test/sim_max_reward_100035": 0.9770810482603395,
  "test/sim_max_reward_100036": 0.99446131506113,
  "test/sim_max_reward_100037": 1.0,
  "test/sim_max_reward_100038": 0.6968861763971835,
  "test/sim_max_reward_100039": 0.581603474087201,
  "test/sim_max_reward_100040": 0.45820953764029393,
  "test/sim_max_reward_100041": 0.6768077531254697,
  "test/sim_max_reward_100042": 0.8961576013584659,
  "test/sim_max_reward_100043": 1.0,
  "test/sim_max_reward_100044": 0.9989842134394376,
  "test/sim_max_reward_100045": 0.6654897820606269,
  "test/sim_max_reward_100046": 0.9655493387002836,
  "test/sim_max_reward_100047": 1.0,
  "test/sim_max_reward_100048": 1.0,
  "test/sim_max_reward_100049": 0.7208272975616999,
  "test/sim_video_100000": "eval_results/optim/lambda0.4_window30/pusht_multitask_100/media/g6gqucmj.mp4",
  "test/sim_video_100001": "eval_results/optim/lambda0.4_window30/pusht_multitask_100/media/odfrrmlh.mp4",
  "test/sim_video_100002": "eval_results/optim/lambda0.4_window30/pusht_multitask_100/media/lqutcf99.mp4",
  "test/sim_video_100003": "eval_results/optim/lambda0.4_window30/pusht_multitask_100/media/pmdehy85.mp4",
  "train/mean_score": 0.805433395668749,
  "train/sim_max_reward_0": 0.8554980662822216,
  "train/sim_max_reward_1": 0.28335797935156937,
  "train/sim_max_reward_2": 0.9778971755372117,
  "train/sim_max_reward_3": 1.0,
  "train/sim_max_reward_4": 0.7158471528414917,
  "train/sim_max_reward_5": 1.0,
  "train/sim_video_0": "eval_results/optim/lambda0.4_window30/pusht_multitask_100/media/d9j72sgn.mp4",
  "train/sim_video_1": "eval_results/optim/lambda0.4_window30/pusht_multitask_100/media/7b77g1go.mp4"
}