{
  "test/mean_score": 0.79047721831719,
  "test/sim_max_reward_100000": 0.9143480783852151,
  "test/sim_max_reward_100001": 0.6471945361673599,
  "test/sim_max_reward_100002": 1.0,
  "test/sim_max_reward_100003": 0.9327706059660593,
  "test/sim_max_reward_100004": 0.9911328233287704,
  "test/sim_max_reward_100005": 0.7218527932072447,
  "test/sim_max_reward_100006": 0.9838965355653636,
  "test/sim_max_reward_100007": 0.9293006491499716,
  "test/sim_max_reward_100008": 0.9788310078458968,
  "test/sim_max_reward_100009": 0.7206588423303585,
  "test/sim_max_reward_100010": 0.9781485707675597,
  "test/sim_max_reward_100011": 0.7799116042127388,
  "test/sim_max_reward_100012": 0.5788021558987788,
  "test/sim_max_reward_100013": 0.711151352687353,
  "test/sim_max_reward_100014": 0.7140428193208267,
  "test/sim_max_reward_100015": 1.0,
  "test/sim_max_reward_100016": 0.6358305264328821,
  "test/sim_max_reward_100017": 0.6748833908534412,
  "test/sim_max_reward_100018": 0.7269576646339617,
  "test/sim_max_reward_100019": 0.9680051526518734,
  "test/sim_max_reward_100020": 0.7023539256143178,
  "test/sim_max_reward_100021": 1.0,
  "test/sim_max_reward_100022": 0.9951426285413408,
  "test/sim_max_reward_100023": 0.9924014263055386,
  "test/sim_max_reward_100024": 0.17143133523415813,
  "test/sim_max_reward_100025": 0.7242684894788166,
  "test/sim_max_reward_100026": 1.0,
  "test/sim_max_reward_100027": 0.7187227025362007,
  "test/sim_max_reward_100028": 0.7077585399035232,
  "test/sim_max_reward_100029": 1.0,
  "test/sim_max_reward_100030": 0.3829244646762477,
  "test/sim_max_reward_100031": 0.9754489647178316,
  "test/sim_max_reward_100032": 0.7160763728679589,
  "test/sim_max_reward_100033": 0.9324255218797046,
  "test/sim_max_reward_100034": 0.9684177103339366,
  "test/sim_max_reward_100035": 1.0,
  "test/sim_max_reward_100036": 1.0,
  "test/sim_max_reward_100037": 0.9133285739831222,
  "test/sim_max_reward_100038": 0.9860685018862717,
  "test/sim_max_reward_100039": 0.6333126619273698,
  "test/sim_max_reward_100040": 0.4572672551445429,
  "test/sim_max_reward_100041": 0.6075041735886358,
  "test/sim_max_reward_100042": 0.694520541241814,
  "test/sim_max_reward_100043": 0.9288846816933861,
  "test/sim_max_reward_100044": 0.6949067447791364,
  "test/sim_max_reward_100045": 0.2866839540665784,
  "test/sim_max_reward_100046": 0.9635563658273741,
  "test/sim_max_reward_100047": 1.0,
  "test/sim_max_reward_100048": 0.7827362702260409,
  "test/sim_max_reward_100049": 0.0,
  "test/sim_video_100000": "eval_results/optim/lambda0.4_window16/pusht_multitask_100/media/ak8hgpbs.mp4",
  "test/sim_video_100001": "eval_results/optim/lambda0.4_window16/pusht_multitask_100/media/gt6f7872.mp4",
  "test/sim_video_100002": "eval_results/optim/lambda0.4_window16/pusht_multitask_100/media/e73jzap0.mp4",
  "test/sim_video_100003": "eval_results/optim/lambda0.4_window16/pusht_multitask_100/media/8qgs2idf.mp4",
  "train/mean_score": 0.9868593004712403,
  "train/sim_max_reward_0": 1.0,
  "train/sim_max_reward_1": 0.9702730136847615,
  "train/sim_max_reward_2": 0.9618541014379927,
  "train/sim_max_reward_3": 0.9963901574587641,
  "train/sim_max_reward_4": 1.0,
  "train/sim_max_reward_5": 0.9926385302459227,
  "train/sim_video_0": "eval_results/optim/lambda0.4_window16/pusht_multitask_100/media/y1mtrlac.mp4",
  "train/sim_video_1": "eval_results/optim/lambda0.4_window16/pusht_multitask_100/media/jkju8pkm.mp4"
}