{
  "test/mean_score": 0.13114947838207827,
  "test/sim_max_reward_100000": 0.0,
  "test/sim_max_reward_100001": 0.17785419038837721,
  "test/sim_max_reward_100002": 0.0,
  "test/sim_max_reward_100003": 0.17881819568268698,
  "test/sim_max_reward_100004": 0.010316497578393414,
  "test/sim_max_reward_100005": 0.46995018263344707,
  "test/sim_max_reward_100006": 0.0,
  "test/sim_max_reward_100007": 0.3851495596238167,
  "test/sim_max_reward_100008": 0.07888839123071668,
  "test/sim_max_reward_100009": 0.0,
  "test/sim_max_reward_100010": 0.5750928759603986,
  "test/sim_max_reward_100011": 0.0,
  "test/sim_max_reward_100012": 0.10857809695722839,
  "test/sim_max_reward_100013": 0.003674806877683116,
  "test/sim_max_reward_100014": 0.0,
  "test/sim_max_reward_100015": 0.4280426682773516,
  "test/sim_max_reward_100016": 0.41481166306236794,
  "test/sim_max_reward_100017": 0.34169597274662816,
  "test/sim_max_reward_100018": 0.031125780010250938,
  "test/sim_max_reward_100019": 0.23101146407629639,
  "test/sim_max_reward_100020": 0.0,
  "test/sim_max_reward_100021": 0.17786046765331595,
  "test/sim_max_reward_100022": 0.2885635888432834,
  "test/sim_max_reward_100023": 0.0,
  "test/sim_max_reward_100024": 0.0,
  "test/sim_max_reward_100025": 0.11427412184801956,
  "test/sim_max_reward_100026": 0.0,
  "test/sim_max_reward_100027": 0.0,
  "test/sim_max_reward_100028": 0.0,
  "test/sim_max_reward_100029": 0.1300494154305477,
  "test/sim_max_reward_100030": 0.0,
  "test/sim_max_reward_100031": 0.23301646127279887,
  "test/sim_max_reward_100032": 0.35554776841003366,
  "test/sim_max_reward_100033": 0.06427958978392911,
  "test/sim_max_reward_100034": 0.026628817516326706,
  "test/sim_max_reward_100035": 0.0,
  "test/sim_max_reward_100036": 0.0,
  "test/sim_max_reward_100037": 0.0,
  "test/sim_max_reward_100038": 0.0,
  "test/sim_max_reward_100039": 0.0,
  "test/sim_max_reward_100040": 0.46295944409261597,
  "test/sim_max_reward_100041": 0.006845348548407913,
  "test/sim_max_reward_100042": 0.0,
  "test/sim_max_reward_100043": 0.0,
  "test/sim_max_reward_100044": 0.0,
  "test/sim_max_reward_100045": 0.1503953490022858,
  "test/sim_max_reward_100046": 0.3535087555255596,
  "test/sim_max_reward_100047": 0.08561116263966916,
  "test/sim_max_reward_100048": 0.45553901919605344,
  "test/sim_max_reward_100049": 0.21738426423542404,
  "test/sim_video_100000": "eval_results/optim/copyTransformer_100/media/d4c0kluu.mp4",
  "test/sim_video_100001": "eval_results/optim/copyTransformer_100/media/ezxqk5ok.mp4",
  "test/sim_video_100002": "eval_results/optim/copyTransformer_100/media/ckru5t5b.mp4",
  "test/sim_video_100003": "eval_results/optim/copyTransformer_100/media/p5v0ic6h.mp4",
  "train/mean_score": 0.08128682989323804,
  "train/sim_max_reward_0": 0.1973687513696857,
  "train/sim_max_reward_1": 0.0006754812217992413,
  "train/sim_max_reward_2": 0.0,
  "train/sim_max_reward_3": 0.005346799874240531,
  "train/sim_max_reward_4": 0.009503307570729362,
  "train/sim_max_reward_5": 0.2748266393229734,
  "train/sim_video_0": "eval_results/optim/copyTransformer_100/media/fqwets6v.mp4",
  "train/sim_video_1": "eval_results/optim/copyTransformer_100/media/23yrfw51.mp4"
}