{
  "test/mean_score": 0.7966385916425955,
  "test/sim_max_reward_100000": 0.6787732622595992,
  "test/sim_max_reward_100001": 0.7258247280921634,
  "test/sim_max_reward_100002": 0.9437836215593164,
  "test/sim_max_reward_100003": 0.9350288341613933,
  "test/sim_max_reward_100004": 1.0,
  "test/sim_max_reward_100005": 0.7223510146961318,
  "test/sim_max_reward_100006": 1.0,
  "test/sim_max_reward_100007": 0.8514692688416724,
  "test/sim_max_reward_100008": 0.9929102627459024,
  "test/sim_max_reward_100009": 0.9866449682912726,
  "test/sim_max_reward_100010": 0.6756421073343963,
  "test/sim_max_reward_100011": 0.8602545692496224,
  "test/sim_max_reward_100012": 0.7130796141694488,
  "test/sim_max_reward_100013": 0.7266786066173725,
  "test/sim_max_reward_100014": 1.0,
  "test/sim_max_reward_100015": 1.0,
  "test/sim_max_reward_100016": 0.35996861662746793,
  "test/sim_max_reward_100017": 0.6775827730100429,
  "test/sim_max_reward_100018": 0.6415240217753725,
  "test/sim_max_reward_100019": 0.9644179151299426,
  "test/sim_max_reward_100020": 0.9522354380090368,
  "test/sim_max_reward_100021": 0.6918494316853051,
  "test/sim_max_reward_100022": 0.9217931471963638,
  "test/sim_max_reward_100023": 0.9562905577885603,
  "test/sim_max_reward_100024": 0.6725173862478564,
  "test/sim_max_reward_100025": 0.5852426054841532,
  "test/sim_max_reward_100026": 0.9885731913592866,
  "test/sim_max_reward_100027": 0.5185218478792367,
  "test/sim_max_reward_100028": 0.7110325077341729,
  "test/sim_max_reward_100029": 0.7253290444130637,
  "test/sim_max_reward_100030": 0.965186371828267,
  "test/sim_max_reward_100031": 1.0,
  "test/sim_max_reward_100032": 0.9267779840202321,
  "test/sim_max_reward_100033": 1.0,
  "test/sim_max_reward_100034": 0.7232717677568368,
  "test/sim_max_reward_100035": 0.851068464391808,
  "test/sim_max_reward_100036": 0.9410286223817097,
  "test/sim_max_reward_100037": 0.0,
  "test/sim_max_reward_100038": 0.9109764020656812,
  "test/sim_max_reward_100039": 0.9399503820589011,
  "test/sim_max_reward_100040": 0.9696079273620514,
  "test/sim_max_reward_100041": 0.2838671686168824,
  "test/sim_max_reward_100042": 0.7284898591253339,
  "test/sim_max_reward_100043": 0.0,
  "test/sim_max_reward_100044": 0.5487240137750459,
  "test/sim_max_reward_100045": 0.9867735003006879,
  "test/sim_max_reward_100046": 0.9789739144424366,
  "test/sim_max_reward_100047": 0.9362468522127408,
  "test/sim_max_reward_100048": 0.9616670094330059,
  "test/sim_max_reward_100049": 1.0,
  "test/sim_video_100000": "eval_results/optim/lambda0.4_window15/pusht_multitask_20/media/un7hv5te.mp4",
  "test/sim_video_100001": "eval_results/optim/lambda0.4_window15/pusht_multitask_20/media/l75nmdaw.mp4",
  "test/sim_video_100002": "eval_results/optim/lambda0.4_window15/pusht_multitask_20/media/d9yp40lg.mp4",
  "test/sim_video_100003": "eval_results/optim/lambda0.4_window15/pusht_multitask_20/media/fqbkgt3a.mp4",
  "train/mean_score": 0.8659041590534168,
  "train/sim_max_reward_0": 0.664615224694587,
  "train/sim_max_reward_1": 0.7123898878519319,
  "train/sim_max_reward_2": 1.0,
  "train/sim_max_reward_3": 0.9404488590686989,
  "train/sim_max_reward_4": 0.9212881084752875,
  "train/sim_max_reward_5": 0.9566828742299953,
  "train/sim_video_0": "eval_results/optim/lambda0.4_window15/pusht_multitask_20/media/k4x92xf2.mp4",
  "train/sim_video_1": "eval_results/optim/lambda0.4_window15/pusht_multitask_20/media/1l2qkicz.mp4"
}