{
  "test/mean_score": 0.9537261174859816,
  "test/sim_max_reward_100000": 0.9757742851037006,
  "test/sim_max_reward_100001": 1.0,
  "test/sim_max_reward_100002": 1.0,
  "test/sim_max_reward_100003": 0.9574892954577927,
  "test/sim_max_reward_100004": 1.0,
  "test/sim_max_reward_100005": 0.992570456277518,
  "test/sim_max_reward_100006": 1.0,
  "test/sim_max_reward_100007": 1.0,
  "test/sim_max_reward_100008": 1.0,
  "test/sim_max_reward_100009": 0.9762598235181507,
  "test/sim_max_reward_100010": 1.0,
  "test/sim_max_reward_100011": 1.0,
  "test/sim_max_reward_100012": 0.9821787381631858,
  "test/sim_max_reward_100013": 1.0,
  "test/sim_max_reward_100014": 1.0,
  "test/sim_max_reward_100015": 1.0,
  "test/sim_max_reward_100016": 1.0,
  "test/sim_max_reward_100017": 1.0,
  "test/sim_max_reward_100018": 1.0,
  "test/sim_max_reward_100019": 0.9918303461669609,
  "test/sim_max_reward_100020": 1.0,
  "test/sim_max_reward_100021": 1.0,
  "test/sim_max_reward_100022": 1.0,
  "test/sim_max_reward_100023": 0.9802362532231084,
  "test/sim_max_reward_100024": 0.9875883822662397,
  "test/sim_max_reward_100025": 1.0,
  "test/sim_max_reward_100026": 0.9755249803756313,
  "test/sim_max_reward_100027": 1.0,
  "test/sim_max_reward_100028": 0.9986251946992971,
  "test/sim_max_reward_100029": 1.0,
  "test/sim_max_reward_100030": 1.0,
  "test/sim_max_reward_100031": 0.9658406247480362,
  "test/sim_max_reward_100032": 0.9855009069268531,
  "test/sim_max_reward_100033": 1.0,
  "test/sim_max_reward_100034": 1.0,
  "test/sim_max_reward_100035": 0.0,
  "test/sim_max_reward_100036": 1.0,
  "test/sim_max_reward_100037": 0.966518727566097,
  "test/sim_max_reward_100038": 0.0,
  "test/sim_max_reward_100039": 0.9890357869751587,
  "test/sim_max_reward_100040": 1.0,
  "test/sim_max_reward_100041": 0.9723056419571069,
  "test/sim_max_reward_100042": 1.0,
  "test/sim_max_reward_100043": 1.0,
  "test/sim_max_reward_100044": 1.0,
  "test/sim_max_reward_100045": 1.0,
  "test/sim_max_reward_100046": 0.9890264308742399,
  "test/sim_max_reward_100047": 1.0,
  "test/sim_max_reward_100048": 1.0,
  "test/sim_max_reward_100049": 1.0,
  "test/sim_video_100000": "eval_results/optim/pusht_5/media/es4tej9n.mp4",
  "test/sim_video_100001": "eval_results/optim/pusht_5/media/jopphims.mp4",
  "test/sim_video_100002": "eval_results/optim/pusht_5/media/8foy6jee.mp4",
  "test/sim_video_100003": "eval_results/optim/pusht_5/media/5bo9sn0i.mp4",
  "train/mean_score": 0.9905950603188157,
  "train/sim_max_reward_0": 1.0,
  "train/sim_max_reward_1": 0.9727565380182202,
  "train/sim_max_reward_2": 0.9858457187337588,
  "train/sim_max_reward_3": 1.0,
  "train/sim_max_reward_4": 0.984968105160916,
  "train/sim_max_reward_5": 1.0,
  "train/sim_video_0": "eval_results/optim/pusht_5/media/t0tb37th.mp4",
  "train/sim_video_1": "eval_results/optim/pusht_5/media/b6rb8nds.mp4"
}