{
  "test/mean_score": 0.9329513267569098,
  "test/sim_max_reward_100000": 1.0,
  "test/sim_max_reward_100001": 1.0,
  "test/sim_max_reward_100002": 1.0,
  "test/sim_max_reward_100003": 0.9929347096902789,
  "test/sim_max_reward_100004": 1.0,
  "test/sim_max_reward_100005": 0.9949331593909142,
  "test/sim_max_reward_100006": 0.9917885981289652,
  "test/sim_max_reward_100007": 0.974908473126897,
  "test/sim_max_reward_100008": 0.9844145773002824,
  "test/sim_max_reward_100009": 1.0,
  "test/sim_max_reward_100010": 0.9545473523861155,
  "test/sim_max_reward_100011": 0.0,
  "test/sim_max_reward_100012": 0.9869535904329748,
  "test/sim_max_reward_100013": 1.0,
  "test/sim_max_reward_100014": 1.0,
  "test/sim_max_reward_100015": 1.0,
  "test/sim_max_reward_100016": 1.0,
  "test/sim_max_reward_100017": 1.0,
  "test/sim_max_reward_100018": 1.0,
  "test/sim_max_reward_100019": 1.0,
  "test/sim_max_reward_100020": 1.0,
  "test/sim_max_reward_100021": 1.0,
  "test/sim_max_reward_100022": 1.0,
  "test/sim_max_reward_100023": 1.0,
  "test/sim_max_reward_100024": 0.9796942654179398,
  "test/sim_max_reward_100025": 1.0,
  "test/sim_max_reward_100026": 1.0,
  "test/sim_max_reward_100027": 1.0,
  "test/sim_max_reward_100028": 1.0,
  "test/sim_max_reward_100029": 1.0,
  "test/sim_max_reward_100030": 1.0,
  "test/sim_max_reward_100031": 1.0,
  "test/sim_max_reward_100032": 0.9887709079062725,
  "test/sim_max_reward_100033": 1.0,
  "test/sim_max_reward_100034": 1.0,
  "test/sim_max_reward_100035": 0.0,
  "test/sim_max_reward_100036": 0.998725929644069,
  "test/sim_max_reward_100037": 0.9809819120302042,
  "test/sim_max_reward_100038": 0.8757806235493892,
  "test/sim_max_reward_100039": 1.0,
  "test/sim_max_reward_100040": 0.9993317659806651,
  "test/sim_max_reward_100041": 0.006845348548407913,
  "test/sim_max_reward_100042": 1.0,
  "test/sim_max_reward_100043": 0.9827365959684733,
  "test/sim_max_reward_100044": 0.9663993141814778,
  "test/sim_max_reward_100045": 1.0,
  "test/sim_max_reward_100046": 1.0,
  "test/sim_max_reward_100047": 1.0,
  "test/sim_max_reward_100048": 1.0,
  "test/sim_max_reward_100049": 0.9878192141621636,
  "test/sim_video_100000": "checkpoints/pushT_step25/media/z625hbit.mp4",
  "test/sim_video_100001": "checkpoints/pushT_step25/media/75cmfn6p.mp4",
  "test/sim_video_100002": "checkpoints/pushT_step25/media/0trcppe5.mp4",
  "test/sim_video_100003": "checkpoints/pushT_step25/media/1wvkz8lx.mp4",
  "train/mean_score": 0.9997672917816498,
  "train/sim_max_reward_0": 1.0,
  "train/sim_max_reward_1": 1.0,
  "train/sim_max_reward_2": 0.998603750689899,
  "train/sim_max_reward_3": 1.0,
  "train/sim_max_reward_4": 1.0,
  "train/sim_max_reward_5": 1.0,
  "train/sim_video_0": "checkpoints/pushT_step25/media/tsidagtf.mp4",
  "train/sim_video_1": "checkpoints/pushT_step25/media/jc61263a.mp4"
}