{
  "test/mean_score": 0.7572398636513664,
  "test/sim_max_reward_100000": 0.8833331776330685,
  "test/sim_max_reward_100001": 0.9900620370388968,
  "test/sim_max_reward_100002": 0.9623923128098452,
  "test/sim_max_reward_100003": 1.0,
  "test/sim_max_reward_100004": 0.7237876789598895,
  "test/sim_max_reward_100005": 0.7229307280910364,
  "test/sim_max_reward_100006": 0.8724386319835582,
  "test/sim_max_reward_100007": 0.677682685138867,
  "test/sim_max_reward_100008": 0.7178235552568796,
  "test/sim_max_reward_100009": 0.7141436645095167,
  "test/sim_max_reward_100010": 1.0,
  "test/sim_max_reward_100011": 1.0,
  "test/sim_max_reward_100012": 0.0,
  "test/sim_max_reward_100013": 0.6937787248729912,
  "test/sim_max_reward_100014": 0.7214979696402458,
  "test/sim_max_reward_100015": 0.9239681032109611,
  "test/sim_max_reward_100016": 0.7106678755103176,
  "test/sim_max_reward_100017": 0.700632016101366,
  "test/sim_max_reward_100018": 0.7274688850549687,
  "test/sim_max_reward_100019": 0.9685520396947174,
  "test/sim_max_reward_100020": 0.7265346509941685,
  "test/sim_max_reward_100021": 0.7133641795569262,
  "test/sim_max_reward_100022": 0.6112494159995072,
  "test/sim_max_reward_100023": 1.0,
  "test/sim_max_reward_100024": 0.7058585170118432,
  "test/sim_max_reward_100025": 0.6840643819732672,
  "test/sim_max_reward_100026": 0.7252530964471212,
  "test/sim_max_reward_100027": 0.9088244393213928,
  "test/sim_max_reward_100028": 0.9599218481133118,
  "test/sim_max_reward_100029": 0.6983165217284879,
  "test/sim_max_reward_100030": 0.0,
  "test/sim_max_reward_100031": 0.6900068302530068,
  "test/sim_max_reward_100032": 0.6218013430801395,
  "test/sim_max_reward_100033": 0.7235015312975709,
  "test/sim_max_reward_100034": 0.6897578275917782,
  "test/sim_max_reward_100035": 0.9834286974781363,
  "test/sim_max_reward_100036": 1.0,
  "test/sim_max_reward_100037": 0.5229151238904705,
  "test/sim_max_reward_100038": 0.1257273664738539,
  "test/sim_max_reward_100039": 0.6835103093555335,
  "test/sim_max_reward_100040": 0.9567324191531944,
  "test/sim_max_reward_100041": 0.9069656710067163,
  "test/sim_max_reward_100042": 0.8968046807802251,
  "test/sim_max_reward_100043": 0.7031160894800412,
  "test/sim_max_reward_100044": 0.9902463086461752,
  "test/sim_max_reward_100045": 0.5512211631073752,
  "test/sim_max_reward_100046": 0.9964367980884024,
  "test/sim_max_reward_100047": 1.0,
  "test/sim_max_reward_100048": 0.6796442834402606,
  "test/sim_max_reward_100049": 0.6956296027922847,
  "test/sim_video_100000": "eval_results/optim/lambda0.4_window13/pusht_multitask_100/media/fg9e79gh.mp4",
  "test/sim_video_100001": "eval_results/optim/lambda0.4_window13/pusht_multitask_100/media/tz36g1vy.mp4",
  "test/sim_video_100002": "eval_results/optim/lambda0.4_window13/pusht_multitask_100/media/tqe591rn.mp4",
  "test/sim_video_100003": "eval_results/optim/lambda0.4_window13/pusht_multitask_100/media/utfxjoap.mp4",
  "train/mean_score": 0.8909509857877634,
  "train/sim_max_reward_0": 0.8936315044272729,
  "train/sim_max_reward_1": 0.9307536217599222,
  "train/sim_max_reward_2": 1.0,
  "train/sim_max_reward_3": 0.9887080194106361,
  "train/sim_max_reward_4": 0.8078048388610435,
  "train/sim_max_reward_5": 0.7248079302677055,
  "train/sim_video_0": "eval_results/optim/lambda0.4_window13/pusht_multitask_100/media/08qpvyv2.mp4",
  "train/sim_video_1": "eval_results/optim/lambda0.4_window13/pusht_multitask_100/media/kzrvh6y5.mp4"
}