{
  "test/mean_score": 0.22192930358484034,
  "test/sim_max_reward_100000": 0.0,
  "test/sim_max_reward_100001": 0.40367458926530203,
  "test/sim_max_reward_100002": 0.19360266845568852,
  "test/sim_max_reward_100003": 0.3167389827165496,
  "test/sim_max_reward_100004": 0.4072480019094137,
  "test/sim_max_reward_100005": 0.09334065972743719,
  "test/sim_max_reward_100006": 0.1407266289587986,
  "test/sim_max_reward_100007": 0.3851495596238168,
  "test/sim_max_reward_100008": 0.4029966211026643,
  "test/sim_max_reward_100009": 0.43804750762458594,
  "test/sim_max_reward_100010": 0.1885476418849965,
  "test/sim_max_reward_100011": 0.20614980496840604,
  "test/sim_max_reward_100012": 0.10857809695722839,
  "test/sim_max_reward_100013": 0.14499305204719207,
  "test/sim_max_reward_100014": 0.4059987775410669,
  "test/sim_max_reward_100015": 0.42621360120185475,
  "test/sim_max_reward_100016": 0.267880952115219,
  "test/sim_max_reward_100017": 0.4528774755168361,
  "test/sim_max_reward_100018": 0.031125780010250938,
  "test/sim_max_reward_100019": 0.27123120455333133,
  "test/sim_max_reward_100020": 0.0,
  "test/sim_max_reward_100021": 0.36149212735081965,
  "test/sim_max_reward_100022": 0.2885635888432834,
  "test/sim_max_reward_100023": 0.015912531243029177,
  "test/sim_max_reward_100024": 0.0,
  "test/sim_max_reward_100025": 0.22856924157666017,
  "test/sim_max_reward_100026": 0.0,
  "test/sim_max_reward_100027": 0.0,
  "test/sim_max_reward_100028": 0.1287624709186296,
  "test/sim_max_reward_100029": 0.32066192571696617,
  "test/sim_max_reward_100030": 0.05096423377509819,
  "test/sim_max_reward_100031": 0.3731647310540804,
  "test/sim_max_reward_100032": 0.11610866426856364,
  "test/sim_max_reward_100033": 0.06427958978392911,
  "test/sim_max_reward_100034": 0.38820771700094087,
  "test/sim_max_reward_100035": 0.4475365538012782,
  "test/sim_max_reward_100036": 0.05887652607600455,
  "test/sim_max_reward_100037": 0.3556089731826147,
  "test/sim_max_reward_100038": 0.34856769816325406,
  "test/sim_max_reward_100039": 0.0,
  "test/sim_max_reward_100040": 0.6636822774463648,
  "test/sim_max_reward_100041": 0.006845348548407913,
  "test/sim_max_reward_100042": 0.011834317987934263,
  "test/sim_max_reward_100043": 0.26222150847146586,
  "test/sim_max_reward_100044": 0.0,
  "test/sim_max_reward_100045": 0.3458818725621012,
  "test/sim_max_reward_100046": 0.3535087555255596,
  "test/sim_max_reward_100047": 8.437785792682731e-05,
  "test/sim_max_reward_100048": 0.2243611544985499,
  "test/sim_max_reward_100049": 0.3956473874079152,
  "test/sim_video_100000": "checkpoints/pusht_act_diff_testing_steps_2/media/bpzcj7jo.mp4",
  "test/sim_video_100001": "checkpoints/pusht_act_diff_testing_steps_2/media/xkqx7b3m.mp4",
  "test/sim_video_100002": "checkpoints/pusht_act_diff_testing_steps_2/media/dtgtm8ad.mp4",
  "test/sim_video_100003": "checkpoints/pusht_act_diff_testing_steps_2/media/yyz572py.mp4",
  "train/mean_score": 0.14088155779537148,
  "train/sim_max_reward_0": 0.19029749660605202,
  "train/sim_max_reward_1": 0.09208555338950022,
  "train/sim_max_reward_2": 0.24821325781277737,
  "train/sim_max_reward_3": 0.00678148528305217,
  "train/sim_max_reward_4": 0.02825559048167032,
  "train/sim_max_reward_5": 0.2796559631991768,
  "train/sim_video_0": "checkpoints/pusht_act_diff_testing_steps_2/media/27a2wog8.mp4",
  "train/sim_video_1": "checkpoints/pusht_act_diff_testing_steps_2/media/q3hq3ypn.mp4"
}