{
  "test/mean_score": 0.8446808783344764,
  "test/sim_max_reward_100000": 0.822575216835783,
  "test/sim_max_reward_100001": 0.999732769929445,
  "test/sim_max_reward_100002": 0.9815443389166076,
  "test/sim_max_reward_100003": 0.9693832717274122,
  "test/sim_max_reward_100004": 0.965475439154576,
  "test/sim_max_reward_100005": 1.0,
  "test/sim_max_reward_100006": 0.920460611166847,
  "test/sim_max_reward_100007": 0.7141445996552954,
  "test/sim_max_reward_100008": 0.565531472664097,
  "test/sim_max_reward_100009": 0.7155951070063279,
  "test/sim_max_reward_100010": 0.6779464003926978,
  "test/sim_max_reward_100011": 1.0,
  "test/sim_max_reward_100012": 0.7224650340659744,
  "test/sim_max_reward_100013": 1.0,
  "test/sim_max_reward_100014": 0.9657322680193272,
  "test/sim_max_reward_100015": 0.7172857912640607,
  "test/sim_max_reward_100016": 1.0,
  "test/sim_max_reward_100017": 1.0,
  "test/sim_max_reward_100018": 0.6846121384187293,
  "test/sim_max_reward_100019": 0.9950010231681825,
  "test/sim_max_reward_100020": 0.9916749173616465,
  "test/sim_max_reward_100021": 0.7200312070101205,
  "test/sim_max_reward_100022": 0.6905177855356024,
  "test/sim_max_reward_100023": 1.0,
  "test/sim_max_reward_100024": 1.0,
  "test/sim_max_reward_100025": 0.0,
  "test/sim_max_reward_100026": 0.7277871822480882,
  "test/sim_max_reward_100027": 0.691495161314551,
  "test/sim_max_reward_100028": 1.0,
  "test/sim_max_reward_100029": 1.0,
  "test/sim_max_reward_100030": 0.7264503293124168,
  "test/sim_max_reward_100031": 0.958705406962786,
  "test/sim_max_reward_100032": 0.9964159982661854,
  "test/sim_max_reward_100033": 0.9479241018909895,
  "test/sim_max_reward_100034": 0.9634399331509097,
  "test/sim_max_reward_100035": 0.6858680175827504,
  "test/sim_max_reward_100036": 0.6908095812731981,
  "test/sim_max_reward_100037": 0.7068988645575556,
  "test/sim_max_reward_100038": 0.6670996913104809,
  "test/sim_max_reward_100039": 0.7285663456106012,
  "test/sim_max_reward_100040": 0.9985949799786671,
  "test/sim_max_reward_100041": 1.0,
  "test/sim_max_reward_100042": 0.7209964604796169,
  "test/sim_max_reward_100043": 0.9815607892637457,
  "test/sim_max_reward_100044": 0.7959828883018438,
  "test/sim_max_reward_100045": 1.0,
  "test/sim_max_reward_100046": 0.958327009571268,
  "test/sim_max_reward_100047": 0.9932640142480244,
  "test/sim_max_reward_100048": 0.4741477691074007,
  "test/sim_max_reward_100049": 1.0,
  "test/sim_video_100000": "eval_results/origin/pusht_multitask_10/media/gffadmad.mp4",
  "test/sim_video_100001": "eval_results/origin/pusht_multitask_10/media/lno9kl45.mp4",
  "test/sim_video_100002": "eval_results/origin/pusht_multitask_10/media/zbgi0u1q.mp4",
  "test/sim_video_100003": "eval_results/origin/pusht_multitask_10/media/rzk5tit1.mp4",
  "train/mean_score": 0.8110947186595435,
  "train/sim_max_reward_0": 0.3673387922911536,
  "train/sim_max_reward_1": 0.5671948387162272,
  "train/sim_max_reward_2": 0.9784423370496479,
  "train/sim_max_reward_3": 1.0,
  "train/sim_max_reward_4": 0.9535923439002323,
  "train/sim_max_reward_5": 1.0,
  "train/sim_video_0": "eval_results/origin/pusht_multitask_10/media/jckehbrl.mp4",
  "train/sim_video_1": "eval_results/origin/pusht_multitask_10/media/usrbc8d9.mp4"
}