{
  "test/mean_score": 0.8376176192460321,
  "test/sim_max_reward_100000": 0.576864403772481,
  "test/sim_max_reward_100001": 0.8595464490660887,
  "test/sim_max_reward_100002": 0.9471374542071231,
  "test/sim_max_reward_100003": 0.9513806376416195,
  "test/sim_max_reward_100004": 0.6281925929359068,
  "test/sim_max_reward_100005": 1.0,
  "test/sim_max_reward_100006": 0.9445517524269917,
  "test/sim_max_reward_100007": 0.7261690084344958,
  "test/sim_max_reward_100008": 0.8615961252561193,
  "test/sim_max_reward_100009": 0.7649075082158558,
  "test/sim_max_reward_100010": 0.9096307522881626,
  "test/sim_max_reward_100011": 0.7988041903615636,
  "test/sim_max_reward_100012": 0.9942579361998589,
  "test/sim_max_reward_100013": 0.6395425923183302,
  "test/sim_max_reward_100014": 1.0,
  "test/sim_max_reward_100015": 0.9131413129695747,
  "test/sim_max_reward_100016": 0.9852005131209566,
  "test/sim_max_reward_100017": 0.9242645581790949,
  "test/sim_max_reward_100018": 0.7149608058630749,
  "test/sim_max_reward_100019": 0.9691779478678029,
  "test/sim_max_reward_100020": 0.9281828805652466,
  "test/sim_max_reward_100021": 0.5793809429819954,
  "test/sim_max_reward_100022": 1.0,
  "test/sim_max_reward_100023": 0.6992277018479814,
  "test/sim_max_reward_100024": 0.9961748943359763,
  "test/sim_max_reward_100025": 0.9661519582089023,
  "test/sim_max_reward_100026": 0.7251589302090699,
  "test/sim_max_reward_100027": 1.0,
  "test/sim_max_reward_100028": 0.6708241955927714,
  "test/sim_max_reward_100029": 0.9997134239390147,
  "test/sim_max_reward_100030": 0.6831336234437008,
  "test/sim_max_reward_100031": 0.9569837196144159,
  "test/sim_max_reward_100032": 0.6897923472907254,
  "test/sim_max_reward_100033": 0.6552819115989381,
  "test/sim_max_reward_100034": 0.6533664312547874,
  "test/sim_max_reward_100035": 0.7055674937493176,
  "test/sim_max_reward_100036": 0.9678542940631435,
  "test/sim_max_reward_100037": 0.9469741489582403,
  "test/sim_max_reward_100038": 0.7774653706439172,
  "test/sim_max_reward_100039": 0.9381700400689603,
  "test/sim_max_reward_100040": 0.9753232466201468,
  "test/sim_max_reward_100041": 1.0,
  "test/sim_max_reward_100042": 0.8449797548002466,
  "test/sim_max_reward_100043": 1.0,
  "test/sim_max_reward_100044": 0.7001889997513103,
  "test/sim_max_reward_100045": 0.6503325386899015,
  "test/sim_max_reward_100046": 0.6998052370409504,
  "test/sim_max_reward_100047": 0.9794726443619614,
  "test/sim_max_reward_100048": 0.6668972834623207,
  "test/sim_max_reward_100049": 0.7151504080825674,
  "test/sim_video_100000": "eval_results/origin/pusht_multitask_3/media/rtbf92cn.mp4",
  "test/sim_video_100001": "eval_results/origin/pusht_multitask_3/media/vos5ko1z.mp4",
  "test/sim_video_100002": "eval_results/origin/pusht_multitask_3/media/vjvzka6d.mp4",
  "test/sim_video_100003": "eval_results/origin/pusht_multitask_3/media/dsp280mx.mp4",
  "train/mean_score": 0.6776371800225282,
  "train/sim_max_reward_0": 0.7199422708953325,
  "train/sim_max_reward_1": 0.0,
  "train/sim_max_reward_2": 0.9887186551011281,
  "train/sim_max_reward_3": 0.8104733346398162,
  "train/sim_max_reward_4": 0.701902275040753,
  "train/sim_max_reward_5": 0.8447865444581388,
  "train/sim_video_0": "eval_results/origin/pusht_multitask_3/media/r8jlc6h6.mp4",
  "train/sim_video_1": "eval_results/origin/pusht_multitask_3/media/8u7bre5n.mp4"
}