{
  "test/mean_score": 0.8039109463480285,
  "test/sim_max_reward_100000": 0.9403115606246767,
  "test/sim_max_reward_100001": 1.0,
  "test/sim_max_reward_100002": 0.9628918087147778,
  "test/sim_max_reward_100003": 0.9221218774721814,
  "test/sim_max_reward_100004": 0.7164325968236702,
  "test/sim_max_reward_100005": 0.7249767323806177,
  "test/sim_max_reward_100006": 0.7633848155381396,
  "test/sim_max_reward_100007": 0.7216715409607468,
  "test/sim_max_reward_100008": 0.2003458972401292,
  "test/sim_max_reward_100009": 0.7020123774419671,
  "test/sim_max_reward_100010": 0.9899715976364283,
  "test/sim_max_reward_100011": 0.9817771204436473,
  "test/sim_max_reward_100012": 0.5316714060946772,
  "test/sim_max_reward_100013": 0.6674656220773976,
  "test/sim_max_reward_100014": 1.0,
  "test/sim_max_reward_100015": 0.9656388854033033,
  "test/sim_max_reward_100016": 1.0,
  "test/sim_max_reward_100017": 0.9840640778048,
  "test/sim_max_reward_100018": 0.7262748568406763,
  "test/sim_max_reward_100019": 0.7245607580914964,
  "test/sim_max_reward_100020": 1.0,
  "test/sim_max_reward_100021": 0.6824454827952883,
  "test/sim_max_reward_100022": 1.0,
  "test/sim_max_reward_100023": 1.0,
  "test/sim_max_reward_100024": 0.9909102236162074,
  "test/sim_max_reward_100025": 0.8365540020740824,
  "test/sim_max_reward_100026": 0.7259178063389139,
  "test/sim_max_reward_100027": 0.6877818105251577,
  "test/sim_max_reward_100028": 0.6224560561207674,
  "test/sim_max_reward_100029": 0.9252246687857305,
  "test/sim_max_reward_100030": 0.1593424462718675,
  "test/sim_max_reward_100031": 1.0,
  "test/sim_max_reward_100032": 0.7272592222522207,
  "test/sim_max_reward_100033": 1.0,
  "test/sim_max_reward_100034": 0.9889322826711547,
  "test/sim_max_reward_100035": 0.9961231271037951,
  "test/sim_max_reward_100036": 1.0,
  "test/sim_max_reward_100037": 0.5772731039416669,
  "test/sim_max_reward_100038": 0.5987073571768656,
  "test/sim_max_reward_100039": 0.591214859653134,
  "test/sim_max_reward_100040": 0.9112091466419151,
  "test/sim_max_reward_100041": 0.1576802198250215,
  "test/sim_max_reward_100042": 0.8732256424611116,
  "test/sim_max_reward_100043": 0.9490171454602236,
  "test/sim_max_reward_100044": 0.9648558902449532,
  "test/sim_max_reward_100045": 0.22909477481831153,
  "test/sim_max_reward_100046": 1.0,
  "test/sim_max_reward_100047": 1.0,
  "test/sim_max_reward_100048": 1.0,
  "test/sim_max_reward_100049": 0.7747485170337038,
  "test/sim_video_100000": "eval_results/optim/lambda0.4_window15/pusht_multitask_100/media/l4qn8mpw.mp4",
  "test/sim_video_100001": "eval_results/optim/lambda0.4_window15/pusht_multitask_100/media/uah3hl54.mp4",
  "test/sim_video_100002": "eval_results/optim/lambda0.4_window15/pusht_multitask_100/media/qugg8x4a.mp4",
  "test/sim_video_100003": "eval_results/optim/lambda0.4_window15/pusht_multitask_100/media/2pqoovcr.mp4",
  "train/mean_score": 0.8256912127977595,
  "train/sim_max_reward_0": 0.5590895499409698,
  "train/sim_max_reward_1": 0.6564562402390088,
  "train/sim_max_reward_2": 0.738601486606578,
  "train/sim_max_reward_3": 1.0,
  "train/sim_max_reward_4": 1.0,
  "train/sim_max_reward_5": 1.0,
  "train/sim_video_0": "eval_results/optim/lambda0.4_window15/pusht_multitask_100/media/aqjpja8x.mp4",
  "train/sim_video_1": "eval_results/optim/lambda0.4_window15/pusht_multitask_100/media/npnmn089.mp4"
}