{
  "test/mean_score": 0.19786843454240657,
  "test/sim_max_reward_100000": 0.0,
  "test/sim_max_reward_100001": 0.9061779597782377,
  "test/sim_max_reward_100002": 0.0,
  "test/sim_max_reward_100003": 0.19691123986675343,
  "test/sim_max_reward_100004": 0.34950586797011823,
  "test/sim_max_reward_100005": 0.0,
  "test/sim_max_reward_100006": 0.0,
  "test/sim_max_reward_100007": 0.8553120238139105,
  "test/sim_max_reward_100008": 0.07921889774743197,
  "test/sim_max_reward_100009": 0.0,
  "test/sim_max_reward_100010": 0.14013850138604844,
  "test/sim_max_reward_100011": 0.3141343547721002,
  "test/sim_max_reward_100012": 0.24317693583415106,
  "test/sim_max_reward_100013": 0.1058240023245858,
  "test/sim_max_reward_100014": 0.0,
  "test/sim_max_reward_100015": 0.49713872217330957,
  "test/sim_max_reward_100016": 0.0,
  "test/sim_max_reward_100017": 0.5491203654480157,
  "test/sim_max_reward_100018": 0.031125780010250938,
  "test/sim_max_reward_100019": 0.23101146407629639,
  "test/sim_max_reward_100020": 0.0,
  "test/sim_max_reward_100021": 0.13119390062876207,
  "test/sim_max_reward_100022": 0.3907437187884601,
  "test/sim_max_reward_100023": 0.13843875437530115,
  "test/sim_max_reward_100024": 0.21299411683057293,
  "test/sim_max_reward_100025": 0.0,
  "test/sim_max_reward_100026": 0.0,
  "test/sim_max_reward_100027": 0.0,
  "test/sim_max_reward_100028": 0.0,
  "test/sim_max_reward_100029": 0.15426455041151454,
  "test/sim_max_reward_100030": 0.0,
  "test/sim_max_reward_100031": 0.0,
  "test/sim_max_reward_100032": 0.9226325051977263,
  "test/sim_max_reward_100033": 0.11055048252405619,
  "test/sim_max_reward_100034": 0.026628817516326706,
  "test/sim_max_reward_100035": 0.0,
  "test/sim_max_reward_100036": 0.4382635332670945,
  "test/sim_max_reward_100037": 0.0,
  "test/sim_max_reward_100038": 0.23077147127497055,
  "test/sim_max_reward_100039": 0.34893156679448295,
  "test/sim_max_reward_100040": 0.4064173948974825,
  "test/sim_max_reward_100041": 0.3053887997980004,
  "test/sim_max_reward_100042": 0.14510320849944883,
  "test/sim_max_reward_100043": 0.6005641648274656,
  "test/sim_max_reward_100044": 0.0,
  "test/sim_max_reward_100045": 0.16951102361933196,
  "test/sim_max_reward_100046": 0.39002143006247875,
  "test/sim_max_reward_100047": 0.1212361437672793,
  "test/sim_max_reward_100048": 0.15097002883836194,
  "test/sim_max_reward_100049": 0.0,
  "test/sim_video_100000": "eval_results/optim/lambda0.4_window30/pusht_2/media/26iobafg.mp4",
  "test/sim_video_100001": "eval_results/optim/lambda0.4_window30/pusht_2/media/f6ezznkc.mp4",
  "test/sim_video_100002": "eval_results/optim/lambda0.4_window30/pusht_2/media/9sqziqer.mp4",
  "test/sim_video_100003": "eval_results/optim/lambda0.4_window30/pusht_2/media/bndfyy18.mp4",
  "train/mean_score": 0.21177021088463918,
  "train/sim_max_reward_0": 0.3555190274528514,
  "train/sim_max_reward_1": 0.0006754812217992413,
  "train/sim_max_reward_2": 0.4561827061364971,
  "train/sim_max_reward_3": 0.005346799874240531,
  "train/sim_max_reward_4": 0.1627117402775641,
  "train/sim_max_reward_5": 0.29018551034488266,
  "train/sim_video_0": "eval_results/optim/lambda0.4_window30/pusht_2/media/ii25fdej.mp4",
  "train/sim_video_1": "eval_results/optim/lambda0.4_window30/pusht_2/media/t0slthf1.mp4"
}