{
  "test/mean_score": 0.1616214848377697,
  "test/sim_max_reward_100000": 0.0,
  "test/sim_max_reward_100001": 0.20669100477659855,
  "test/sim_max_reward_100002": 0.24636296822499856,
  "test/sim_max_reward_100003": 0.17881819568268698,
  "test/sim_max_reward_100004": 0.01710496773128759,
  "test/sim_max_reward_100005": 0.0,
  "test/sim_max_reward_100006": 0.0,
  "test/sim_max_reward_100007": 0.3851495596238168,
  "test/sim_max_reward_100008": 0.3930232903490455,
  "test/sim_max_reward_100009": 0.0,
  "test/sim_max_reward_100010": 0.14013850138604844,
  "test/sim_max_reward_100011": 0.0,
  "test/sim_max_reward_100012": 0.10857809695722839,
  "test/sim_max_reward_100013": 0.4037916781971659,
  "test/sim_max_reward_100014": 0.11478816681822568,
  "test/sim_max_reward_100015": 0.5318678037802105,
  "test/sim_max_reward_100016": 0.21067189172747156,
  "test/sim_max_reward_100017": 0.5485734758463578,
  "test/sim_max_reward_100018": 0.05606549739569248,
  "test/sim_max_reward_100019": 0.23101146407629639,
  "test/sim_max_reward_100020": 0.0,
  "test/sim_max_reward_100021": 0.0,
  "test/sim_max_reward_100022": 0.41323571892590105,
  "test/sim_max_reward_100023": 0.0,
  "test/sim_max_reward_100024": 0.4117136377511006,
  "test/sim_max_reward_100025": 0.0,
  "test/sim_max_reward_100026": 0.0,
  "test/sim_max_reward_100027": 0.0,
  "test/sim_max_reward_100028": 0.23728940543819196,
  "test/sim_max_reward_100029": 0.2601556664373982,
  "test/sim_max_reward_100030": 0.09524128455111093,
  "test/sim_max_reward_100031": 0.03489293783556493,
  "test/sim_max_reward_100032": 0.3764353550968504,
  "test/sim_max_reward_100033": 0.06427958978392911,
  "test/sim_max_reward_100034": 0.30660117077724686,
  "test/sim_max_reward_100035": 0.10347716576397892,
  "test/sim_max_reward_100036": 0.0,
  "test/sim_max_reward_100037": 0.0,
  "test/sim_max_reward_100038": 0.0015281271372924008,
  "test/sim_max_reward_100039": 0.34630246727849007,
  "test/sim_max_reward_100040": 0.42531214746434276,
  "test/sim_max_reward_100041": 0.29229385911686107,
  "test/sim_max_reward_100042": 0.0,
  "test/sim_max_reward_100043": 0.0,
  "test/sim_max_reward_100044": 0.1100601427350839,
  "test/sim_max_reward_100045": 0.1503953490022858,
  "test/sim_max_reward_100046": 0.3900564770771728,
  "test/sim_max_reward_100047": 0.15260080783769744,
  "test/sim_max_reward_100048": 0.13656636930485588,
  "test/sim_max_reward_100049": 0.0,
  "test/sim_video_100000": "eval_results/optim/lambda0.2_window15/pusht_2/media/jlndwt04.mp4",
  "test/sim_video_100001": "eval_results/optim/lambda0.2_window15/pusht_2/media/kmal0lou.mp4",
  "test/sim_video_100002": "eval_results/optim/lambda0.2_window15/pusht_2/media/b61k5mzo.mp4",
  "test/sim_video_100003": "eval_results/optim/lambda0.2_window15/pusht_2/media/cbhsa835.mp4",
  "train/mean_score": 0.2577261241865058,
  "train/sim_max_reward_0": 0.19029749660605202,
  "train/sim_max_reward_1": 0.5748212088984807,
  "train/sim_max_reward_2": 0.026564185874740003,
  "train/sim_max_reward_3": 0.005346799874240531,
  "train/sim_max_reward_4": 0.4848486174916194,
  "train/sim_max_reward_5": 0.2644784363739021,
  "train/sim_video_0": "eval_results/optim/lambda0.2_window15/pusht_2/media/83qv5x9r.mp4",
  "train/sim_video_1": "eval_results/optim/lambda0.2_window15/pusht_2/media/wzb2g26b.mp4"
}