{
  "test/mean_score": 0.9321727572422103,
  "test/sim_max_reward_100000": 1.0,
  "test/sim_max_reward_100001": 1.0,
  "test/sim_max_reward_100002": 1.0,
  "test/sim_max_reward_100003": 0.9831825264984029,
  "test/sim_max_reward_100004": 0.9922136592483953,
  "test/sim_max_reward_100005": 1.0,
  "test/sim_max_reward_100006": 1.0,
  "test/sim_max_reward_100007": 0.9851103595112192,
  "test/sim_max_reward_100008": 0.9852496950022607,
  "test/sim_max_reward_100009": 1.0,
  "test/sim_max_reward_100010": 1.0,
  "test/sim_max_reward_100011": 0.0,
  "test/sim_max_reward_100012": 0.9772098975829309,
  "test/sim_max_reward_100013": 0.9537940421550881,
  "test/sim_max_reward_100014": 1.0,
  "test/sim_max_reward_100015": 1.0,
  "test/sim_max_reward_100016": 1.0,
  "test/sim_max_reward_100017": 1.0,
  "test/sim_max_reward_100018": 1.0,
  "test/sim_max_reward_100019": 0.9831222981188477,
  "test/sim_max_reward_100020": 1.0,
  "test/sim_max_reward_100021": 1.0,
  "test/sim_max_reward_100022": 1.0,
  "test/sim_max_reward_100023": 1.0,
  "test/sim_max_reward_100024": 0.9742020304933446,
  "test/sim_max_reward_100025": 1.0,
  "test/sim_max_reward_100026": 0.9957362403263059,
  "test/sim_max_reward_100027": 1.0,
  "test/sim_max_reward_100028": 0.9956805579637803,
  "test/sim_max_reward_100029": 1.0,
  "test/sim_max_reward_100030": 0.9994973963438932,
  "test/sim_max_reward_100031": 1.0,
  "test/sim_max_reward_100032": 0.9935707517650928,
  "test/sim_max_reward_100033": 0.9827233987009111,
  "test/sim_max_reward_100034": 1.0,
  "test/sim_max_reward_100035": 0.0,
  "test/sim_max_reward_100036": 1.0,
  "test/sim_max_reward_100037": 0.04654326950038148,
  "test/sim_max_reward_100038": 0.8872363485006481,
  "test/sim_max_reward_100039": 0.9595308104353647,
  "test/sim_max_reward_100040": 1.0,
  "test/sim_max_reward_100041": 0.9412148020996294,
  "test/sim_max_reward_100042": 1.0,
  "test/sim_max_reward_100043": 1.0,
  "test/sim_max_reward_100044": 1.0,
  "test/sim_max_reward_100045": 1.0,
  "test/sim_max_reward_100046": 1.0,
  "test/sim_max_reward_100047": 0.9880910269454626,
  "test/sim_max_reward_100048": 0.9902794857456619,
  "test/sim_max_reward_100049": 0.9944492651728958,
  "test/sim_video_100000": "eval_results/optim/pusht_50/media/fgnjc1tx.mp4",
  "test/sim_video_100001": "eval_results/optim/pusht_50/media/ivpsrfsg.mp4",
  "test/sim_video_100002": "eval_results/optim/pusht_50/media/i3m6669v.mp4",
  "test/sim_video_100003": "eval_results/optim/pusht_50/media/e2eik7ty.mp4",
  "train/mean_score": 0.9991709701450989,
  "train/sim_max_reward_0": 1.0,
  "train/sim_max_reward_1": 1.0,
  "train/sim_max_reward_2": 1.0,
  "train/sim_max_reward_3": 1.0,
  "train/sim_max_reward_4": 1.0,
  "train/sim_max_reward_5": 0.995025820870594,
  "train/sim_video_0": "eval_results/optim/pusht_50/media/82turnkn.mp4",
  "train/sim_video_1": "eval_results/optim/pusht_50/media/d3zapl47.mp4"
}