{
  "test/mean_score": 0.18142564003180678,
  "test/sim_max_reward_100000": 0.0,
  "test/sim_max_reward_100001": 0.3730222125025567,
  "test/sim_max_reward_100002": 0.4676072348456395,
  "test/sim_max_reward_100003": 0.39308174115628963,
  "test/sim_max_reward_100004": 0.22465629969103984,
  "test/sim_max_reward_100005": 0.0,
  "test/sim_max_reward_100006": 0.0,
  "test/sim_max_reward_100007": 0.38861645024499136,
  "test/sim_max_reward_100008": 0.539990407727623,
  "test/sim_max_reward_100009": 0.0,
  "test/sim_max_reward_100010": 0.14013850138604844,
  "test/sim_max_reward_100011": 0.42990603012326495,
  "test/sim_max_reward_100012": 0.5173177923395024,
  "test/sim_max_reward_100013": 0.003674806877683116,
  "test/sim_max_reward_100014": 0.0,
  "test/sim_max_reward_100015": 0.49713872217330957,
  "test/sim_max_reward_100016": 0.0,
  "test/sim_max_reward_100017": 0.1790737831105657,
  "test/sim_max_reward_100018": 0.1627169875334768,
  "test/sim_max_reward_100019": 0.23565236008935941,
  "test/sim_max_reward_100020": 0.0460991037849099,
  "test/sim_max_reward_100021": 0.19845801496235746,
  "test/sim_max_reward_100022": 0.2885635888432834,
  "test/sim_max_reward_100023": 0.0,
  "test/sim_max_reward_100024": 0.1799172539411774,
  "test/sim_max_reward_100025": 0.0,
  "test/sim_max_reward_100026": 0.0,
  "test/sim_max_reward_100027": 0.0,
  "test/sim_max_reward_100028": 0.0,
  "test/sim_max_reward_100029": 0.3762081644938275,
  "test/sim_max_reward_100030": 0.47693752457866384,
  "test/sim_max_reward_100031": 0.0,
  "test/sim_max_reward_100032": 0.11610866426856364,
  "test/sim_max_reward_100033": 0.1092256825634075,
  "test/sim_max_reward_100034": 0.6588603782220076,
  "test/sim_max_reward_100035": 0.0,
  "test/sim_max_reward_100036": 0.46979583975655964,
  "test/sim_max_reward_100037": 0.0,
  "test/sim_max_reward_100038": 0.05714143296760625,
  "test/sim_max_reward_100039": 0.5004224121372414,
  "test/sim_max_reward_100040": 0.26086164249528426,
  "test/sim_max_reward_100041": 0.006845348548407913,
  "test/sim_max_reward_100042": 0.0,
  "test/sim_max_reward_100043": 0.05128960736598347,
  "test/sim_max_reward_100044": 0.0,
  "test/sim_max_reward_100045": 0.16942929062119905,
  "test/sim_max_reward_100046": 0.3535087555255596,
  "test/sim_max_reward_100047": 0.03618413607395249,
  "test/sim_max_reward_100048": 0.1628318306389968,
  "test/sim_max_reward_100049": 0.0,
  "test/sim_video_100000": "eval_results/optim/lambda0.5_window16/pusht_2/media/k608bh0f.mp4",
  "test/sim_video_100001": "eval_results/optim/lambda0.5_window16/pusht_2/media/0qtbwgvi.mp4",
  "test/sim_video_100002": "eval_results/optim/lambda0.5_window16/pusht_2/media/7ph0v6ee.mp4",
  "test/sim_video_100003": "eval_results/optim/lambda0.5_window16/pusht_2/media/40wb83vz.mp4",
  "train/mean_score": 0.22659333177618105,
  "train/sim_max_reward_0": 0.19029749660605202,
  "train/sim_max_reward_1": 0.5912641139081294,
  "train/sim_max_reward_2": 0.04477539579552955,
  "train/sim_max_reward_3": 0.005346799874240531,
  "train/sim_max_reward_4": 0.06298220438441346,
  "train/sim_max_reward_5": 0.4648939800887213,
  "train/sim_video_0": "eval_results/optim/lambda0.5_window16/pusht_2/media/lz93ghdb.mp4",
  "train/sim_video_1": "eval_results/optim/lambda0.5_window16/pusht_2/media/zftmampl.mp4"
}