{
  "test/mean_score": 0.953176454528988,
  "test/sim_max_reward_100000": 1.0,
  "test/sim_max_reward_100001": 1.0,
  "test/sim_max_reward_100002": 1.0,
  "test/sim_max_reward_100003": 1.0,
  "test/sim_max_reward_100004": 1.0,
  "test/sim_max_reward_100005": 1.0,
  "test/sim_max_reward_100006": 0.9868444843358556,
  "test/sim_max_reward_100007": 0.9942296062669724,
  "test/sim_max_reward_100008": 1.0,
  "test/sim_max_reward_100009": 0.9947144840974217,
  "test/sim_max_reward_100010": 1.0,
  "test/sim_max_reward_100011": 0.8977096513876625,
  "test/sim_max_reward_100012": 0.9972425672788363,
  "test/sim_max_reward_100013": 0.9965235232432678,
  "test/sim_max_reward_100014": 1.0,
  "test/sim_max_reward_100015": 1.0,
  "test/sim_max_reward_100016": 1.0,
  "test/sim_max_reward_100017": 0.9951994853275996,
  "test/sim_max_reward_100018": 1.0,
  "test/sim_max_reward_100019": 0.9879895279206339,
  "test/sim_max_reward_100020": 1.0,
  "test/sim_max_reward_100021": 1.0,
  "test/sim_max_reward_100022": 1.0,
  "test/sim_max_reward_100023": 0.9738986036645453,
  "test/sim_max_reward_100024": 0.9682891751381887,
  "test/sim_max_reward_100025": 1.0,
  "test/sim_max_reward_100026": 0.956791683942569,
  "test/sim_max_reward_100027": 0.9848788249996813,
  "test/sim_max_reward_100028": 1.0,
  "test/sim_max_reward_100029": 0.9945322487948726,
  "test/sim_max_reward_100030": 1.0,
  "test/sim_max_reward_100031": 0.9858243772046439,
  "test/sim_max_reward_100032": 1.0,
  "test/sim_max_reward_100033": 0.9982485897911251,
  "test/sim_max_reward_100034": 1.0,
  "test/sim_max_reward_100035": 0.0,
  "test/sim_max_reward_100036": 1.0,
  "test/sim_max_reward_100037": 1.0,
  "test/sim_max_reward_100038": 0.9627599944040954,
  "test/sim_max_reward_100039": 1.0,
  "test/sim_max_reward_100040": 1.0,
  "test/sim_max_reward_100041": 0.006845348548407913,
  "test/sim_max_reward_100042": 1.0,
  "test/sim_max_reward_100043": 1.0,
  "test/sim_max_reward_100044": 1.0,
  "test/sim_max_reward_100045": 1.0,
  "test/sim_max_reward_100046": 1.0,
  "test/sim_max_reward_100047": 0.9881607427131407,
  "test/sim_max_reward_100048": 1.0,
  "test/sim_max_reward_100049": 0.9881398073898884,
  "test/sim_video_100000": "eval_results/optim/lambda0.2/pusht_50/media/2q7g4fg7.mp4",
  "test/sim_video_100001": "eval_results/optim/lambda0.2/pusht_50/media/znfzemha.mp4",
  "test/sim_video_100002": "eval_results/optim/lambda0.2/pusht_50/media/h3yz34sd.mp4",
  "test/sim_video_100003": "eval_results/optim/lambda0.2/pusht_50/media/s6i81qwv.mp4",
  "train/mean_score": 0.9966490232393698,
  "train/sim_max_reward_0": 0.9798941394362188,
  "train/sim_max_reward_1": 1.0,
  "train/sim_max_reward_2": 1.0,
  "train/sim_max_reward_3": 1.0,
  "train/sim_max_reward_4": 1.0,
  "train/sim_max_reward_5": 1.0,
  "train/sim_video_0": "eval_results/optim/lambda0.2/pusht_50/media/vdd4380m.mp4",
  "train/sim_video_1": "eval_results/optim/lambda0.2/pusht_50/media/9jjaylof.mp4"
}