{
  "test/mean_score": 0.9414271012150831,
  "test/sim_max_reward_100000": 1.0,
  "test/sim_max_reward_100001": 1.0,
  "test/sim_max_reward_100002": 1.0,
  "test/sim_max_reward_100003": 0.9947791929045441,
  "test/sim_max_reward_100004": 1.0,
  "test/sim_max_reward_100005": 0.9854760096629612,
  "test/sim_max_reward_100006": 1.0,
  "test/sim_max_reward_100007": 0.9989286660574236,
  "test/sim_max_reward_100008": 1.0,
  "test/sim_max_reward_100009": 1.0,
  "test/sim_max_reward_100010": 0.998528935586489,
  "test/sim_max_reward_100011": 0.0,
  "test/sim_max_reward_100012": 1.0,
  "test/sim_max_reward_100013": 1.0,
  "test/sim_max_reward_100014": 1.0,
  "test/sim_max_reward_100015": 1.0,
  "test/sim_max_reward_100016": 1.0,
  "test/sim_max_reward_100017": 1.0,
  "test/sim_max_reward_100018": 1.0,
  "test/sim_max_reward_100019": 1.0,
  "test/sim_max_reward_100020": 1.0,
  "test/sim_max_reward_100021": 1.0,
  "test/sim_max_reward_100022": 1.0,
  "test/sim_max_reward_100023": 1.0,
  "test/sim_max_reward_100024": 1.0,
  "test/sim_max_reward_100025": 0.9752920581181725,
  "test/sim_max_reward_100026": 0.9916938136277986,
  "test/sim_max_reward_100027": 1.0,
  "test/sim_max_reward_100028": 1.0,
  "test/sim_max_reward_100029": 0.9931973123617012,
  "test/sim_max_reward_100030": 1.0,
  "test/sim_max_reward_100031": 1.0,
  "test/sim_max_reward_100032": 1.0,
  "test/sim_max_reward_100033": 1.0,
  "test/sim_max_reward_100034": 0.9926720494645063,
  "test/sim_max_reward_100035": 0.0,
  "test/sim_max_reward_100036": 1.0,
  "test/sim_max_reward_100037": 1.0,
  "test/sim_max_reward_100038": 0.2639011321771887,
  "test/sim_max_reward_100039": 0.990118283638468,
  "test/sim_max_reward_100040": 0.9672124815503459,
  "test/sim_max_reward_100041": 0.9696648842185128,
  "test/sim_max_reward_100042": 0.9830484354992955,
  "test/sim_max_reward_100043": 0.9929695224041053,
  "test/sim_max_reward_100044": 0.9738722834826462,
  "test/sim_max_reward_100045": 1.0,
  "test/sim_max_reward_100046": 1.0,
  "test/sim_max_reward_100047": 1.0,
  "test/sim_max_reward_100048": 1.0,
  "test/sim_max_reward_100049": 1.0,
  "test/sim_video_100000": "eval_results/origin/pusht_50/media/ipxw2dx6.mp4",
  "test/sim_video_100001": "eval_results/origin/pusht_50/media/6vqekzk3.mp4",
  "test/sim_video_100002": "eval_results/origin/pusht_50/media/qltaynzs.mp4",
  "test/sim_video_100003": "eval_results/origin/pusht_50/media/484znvo6.mp4",
  "train/mean_score": 0.9796342750243446,
  "train/sim_max_reward_0": 0.9787958951522375,
  "train/sim_max_reward_1": 1.0,
  "train/sim_max_reward_2": 0.973584833205183,
  "train/sim_max_reward_3": 0.9254249217886477,
  "train/sim_max_reward_4": 1.0,
  "train/sim_max_reward_5": 1.0,
  "train/sim_video_0": "eval_results/origin/pusht_50/media/63yii6m2.mp4",
  "train/sim_video_1": "eval_results/origin/pusht_50/media/gnwbolqi.mp4"
}