{
  "test/mean_score": 0.20553500456927537,
  "test/sim_max_reward_100000": 0.0,
  "test/sim_max_reward_100001": 0.17785419038837721,
  "test/sim_max_reward_100002": 0.0,
  "test/sim_max_reward_100003": 0.19691633805466618,
  "test/sim_max_reward_100004": 0.3495249502401482,
  "test/sim_max_reward_100005": 0.0,
  "test/sim_max_reward_100006": 0.0,
  "test/sim_max_reward_100007": 0.855319964721986,
  "test/sim_max_reward_100008": 0.586224312246229,
  "test/sim_max_reward_100009": 0.0,
  "test/sim_max_reward_100010": 0.14013850138604844,
  "test/sim_max_reward_100011": 0.3140572498713451,
  "test/sim_max_reward_100012": 0.22646248114183315,
  "test/sim_max_reward_100013": 0.11533873501695452,
  "test/sim_max_reward_100014": 0.0,
  "test/sim_max_reward_100015": 0.49713872217330957,
  "test/sim_max_reward_100016": 0.543069036170081,
  "test/sim_max_reward_100017": 0.2698061776597284,
  "test/sim_max_reward_100018": 0.031125780010250938,
  "test/sim_max_reward_100019": 0.23101146407629639,
  "test/sim_max_reward_100020": 0.0,
  "test/sim_max_reward_100021": 0.13119489675729265,
  "test/sim_max_reward_100022": 0.39074570295695693,
  "test/sim_max_reward_100023": 0.1403486763233106,
  "test/sim_max_reward_100024": 0.2127011992493515,
  "test/sim_max_reward_100025": 0.0,
  "test/sim_max_reward_100026": 0.0,
  "test/sim_max_reward_100027": 0.0,
  "test/sim_max_reward_100028": 0.4723491680161828,
  "test/sim_max_reward_100029": 0.8552421732971176,
  "test/sim_max_reward_100030": 0.5008720192368736,
  "test/sim_max_reward_100031": 0.0,
  "test/sim_max_reward_100032": 0.2826443853172194,
  "test/sim_max_reward_100033": 0.11055527496296248,
  "test/sim_max_reward_100034": 0.026628817516326706,
  "test/sim_max_reward_100035": 0.0,
  "test/sim_max_reward_100036": 0.13278057479784347,
  "test/sim_max_reward_100037": 0.0,
  "test/sim_max_reward_100038": 0.23204420009249518,
  "test/sim_max_reward_100039": 0.3489506454464298,
  "test/sim_max_reward_100040": 0.4064175182792234,
  "test/sim_max_reward_100041": 0.02544790642960326,
  "test/sim_max_reward_100042": 0.14532180107531717,
  "test/sim_max_reward_100043": 0.42886569364160143,
  "test/sim_max_reward_100044": 0.0,
  "test/sim_max_reward_100045": 0.16951218405094415,
  "test/sim_max_reward_100046": 0.39002150975179345,
  "test/sim_max_reward_100047": 8.437785792682731e-05,
  "test/sim_max_reward_100048": 0.340033600249743,
  "test/sim_max_reward_100049": 0.0,
  "test/sim_video_100000": "eval_results/optim/lambda0.4_window35/pusht_2/media/r4lzly2r.mp4",
  "test/sim_video_100001": "eval_results/optim/lambda0.4_window35/pusht_2/media/usdyrb2k.mp4",
  "test/sim_video_100002": "eval_results/optim/lambda0.4_window35/pusht_2/media/rvrr7gsx.mp4",
  "test/sim_video_100003": "eval_results/optim/lambda0.4_window35/pusht_2/media/46w4xaqs.mp4",
  "train/mean_score": 0.21565301164117834,
  "train/sim_max_reward_0": 0.3554545099441895,
  "train/sim_max_reward_1": 0.0006754812217992413,
  "train/sim_max_reward_2": 0.4561544152840427,
  "train/sim_max_reward_3": 0.005346799874240531,
  "train/sim_max_reward_4": 0.10533872337595279,
  "train/sim_max_reward_5": 0.3709481401468452,
  "train/sim_video_0": "eval_results/optim/lambda0.4_window35/pusht_2/media/37nqiet8.mp4",
  "train/sim_video_1": "eval_results/optim/lambda0.4_window35/pusht_2/media/2b6jutmq.mp4"
}