{
  "test/mean_score": 0.9739528924998035,
  "test/sim_max_reward_100000": 1.0,
  "test/sim_max_reward_100001": 0.9823695484855742,
  "test/sim_max_reward_100002": 0.9946018565797582,
  "test/sim_max_reward_100003": 1.0,
  "test/sim_max_reward_100004": 1.0,
  "test/sim_max_reward_100005": 1.0,
  "test/sim_max_reward_100006": 1.0,
  "test/sim_max_reward_100007": 1.0,
  "test/sim_max_reward_100008": 1.0,
  "test/sim_max_reward_100009": 0.97267913229283,
  "test/sim_max_reward_100010": 0.9739790662086837,
  "test/sim_max_reward_100011": 1.0,
  "test/sim_max_reward_100012": 1.0,
  "test/sim_max_reward_100013": 0.9577289877006783,
  "test/sim_max_reward_100014": 1.0,
  "test/sim_max_reward_100015": 0.991310150398871,
  "test/sim_max_reward_100016": 0.9937209172397681,
  "test/sim_max_reward_100017": 0.9896136268378082,
  "test/sim_max_reward_100018": 1.0,
  "test/sim_max_reward_100019": 1.0,
  "test/sim_max_reward_100020": 1.0,
  "test/sim_max_reward_100021": 1.0,
  "test/sim_max_reward_100022": 1.0,
  "test/sim_max_reward_100023": 0.9870000742748364,
  "test/sim_max_reward_100024": 1.0,
  "test/sim_max_reward_100025": 1.0,
  "test/sim_max_reward_100026": 0.981485386024296,
  "test/sim_max_reward_100027": 1.0,
  "test/sim_max_reward_100028": 1.0,
  "test/sim_max_reward_100029": 1.0,
  "test/sim_max_reward_100030": 1.0,
  "test/sim_max_reward_100031": 1.0,
  "test/sim_max_reward_100032": 1.0,
  "test/sim_max_reward_100033": 0.9798546886111462,
  "test/sim_max_reward_100034": 0.9804261316107459,
  "test/sim_max_reward_100035": 0.0,
  "test/sim_max_reward_100036": 1.0,
  "test/sim_max_reward_100037": 1.0,
  "test/sim_max_reward_100038": 0.9703579021731533,
  "test/sim_max_reward_100039": 1.0,
  "test/sim_max_reward_100040": 1.0,
  "test/sim_max_reward_100041": 0.9429734539701269,
  "test/sim_max_reward_100042": 1.0,
  "test/sim_max_reward_100043": 1.0,
  "test/sim_max_reward_100044": 1.0,
  "test/sim_max_reward_100045": 1.0,
  "test/sim_max_reward_100046": 0.9995437025819006,
  "test/sim_max_reward_100047": 1.0,
  "test/sim_max_reward_100048": 1.0,
  "test/sim_max_reward_100049": 1.0,
  "test/sim_video_100000": "eval_results/optim/lambda0.2/pusht_5/media/z0vzx00c.mp4",
  "test/sim_video_100001": "eval_results/optim/lambda0.2/pusht_5/media/x39o7izx.mp4",
  "test/sim_video_100002": "eval_results/optim/lambda0.2/pusht_5/media/9e7x7p4y.mp4",
  "test/sim_video_100003": "eval_results/optim/lambda0.2/pusht_5/media/87iy8z6b.mp4",
  "train/mean_score": 0.9939379567042904,
  "train/sim_max_reward_0": 0.9755800949885742,
  "train/sim_max_reward_1": 0.9890516711256251,
  "train/sim_max_reward_2": 1.0,
  "train/sim_max_reward_3": 0.9989959741115428,
  "train/sim_max_reward_4": 1.0,
  "train/sim_max_reward_5": 1.0,
  "train/sim_video_0": "eval_results/optim/lambda0.2/pusht_5/media/ikio7rta.mp4",
  "train/sim_video_1": "eval_results/optim/lambda0.2/pusht_5/media/359w9yin.mp4"
}