{
  "test/mean_score": 0.19589257761015738,
  "test/sim_max_reward_100000": 0.0,
  "test/sim_max_reward_100001": 0.17785419038837721,
  "test/sim_max_reward_100002": 0.0,
  "test/sim_max_reward_100003": 0.1969159028159645,
  "test/sim_max_reward_100004": 0.34947652620082265,
  "test/sim_max_reward_100005": 0.0,
  "test/sim_max_reward_100006": 0.0,
  "test/sim_max_reward_100007": 0.8553114899520636,
  "test/sim_max_reward_100008": 0.23455015472488058,
  "test/sim_max_reward_100009": 0.0,
  "test/sim_max_reward_100010": 0.14013850138604844,
  "test/sim_max_reward_100011": 0.3141501724231501,
  "test/sim_max_reward_100012": 0.3091159735495967,
  "test/sim_max_reward_100013": 0.10582297681181198,
  "test/sim_max_reward_100014": 0.0,
  "test/sim_max_reward_100015": 0.49713872217330957,
  "test/sim_max_reward_100016": 0.0,
  "test/sim_max_reward_100017": 0.26980623499419376,
  "test/sim_max_reward_100018": 0.031125780010250938,
  "test/sim_max_reward_100019": 0.23101146407629639,
  "test/sim_max_reward_100020": 0.0,
  "test/sim_max_reward_100021": 0.5497579895975598,
  "test/sim_max_reward_100022": 0.39074212810482845,
  "test/sim_max_reward_100023": 0.13937104154152544,
  "test/sim_max_reward_100024": 0.21290448436080844,
  "test/sim_max_reward_100025": 0.0,
  "test/sim_max_reward_100026": 0.0,
  "test/sim_max_reward_100027": 0.0,
  "test/sim_max_reward_100028": 0.0,
  "test/sim_max_reward_100029": 0.8391814795849696,
  "test/sim_max_reward_100030": 0.0,
  "test/sim_max_reward_100031": 0.0,
  "test/sim_max_reward_100032": 0.48587554128887245,
  "test/sim_max_reward_100033": 0.11055774807869068,
  "test/sim_max_reward_100034": 0.026628817516326706,
  "test/sim_max_reward_100035": 0.0,
  "test/sim_max_reward_100036": 0.13277848119365152,
  "test/sim_max_reward_100037": 0.0,
  "test/sim_max_reward_100038": 0.23216415601505203,
  "test/sim_max_reward_100039": 0.34893807289379625,
  "test/sim_max_reward_100040": 0.40641773343903986,
  "test/sim_max_reward_100041": 0.5852013970786002,
  "test/sim_max_reward_100042": 0.14540931225243114,
  "test/sim_max_reward_100043": 0.43602524934787246,
  "test/sim_max_reward_100044": 0.0,
  "test/sim_max_reward_100045": 0.34098135238909766,
  "test/sim_max_reward_100046": 0.3900216190641545,
  "test/sim_max_reward_100047": 8.437785792682731e-05,
  "test/sim_max_reward_100048": 0.30916980939589733,
  "test/sim_max_reward_100049": 0.0,
  "test/sim_video_100000": "eval_results/optim/lambda0.4_window16/pusht_2/media/u44m1ata.mp4",
  "test/sim_video_100001": "eval_results/optim/lambda0.4_window16/pusht_2/media/lfxgq9ql.mp4",
  "test/sim_video_100002": "eval_results/optim/lambda0.4_window16/pusht_2/media/964dxmqy.mp4",
  "test/sim_video_100003": "eval_results/optim/lambda0.4_window16/pusht_2/media/b1ddztqn.mp4",
  "train/mean_score": 0.2841254726433103,
  "train/sim_max_reward_0": 0.3553044221230326,
  "train/sim_max_reward_1": 0.0006754812217992413,
  "train/sim_max_reward_2": 0.7143386231987757,
  "train/sim_max_reward_3": 0.005346799874240531,
  "train/sim_max_reward_4": 0.02426602751706491,
  "train/sim_max_reward_5": 0.6048214819249489,
  "train/sim_video_0": "eval_results/optim/lambda0.4_window16/pusht_2/media/maxuigsy.mp4",
  "train/sim_video_1": "eval_results/optim/lambda0.4_window16/pusht_2/media/h26gpijc.mp4"
}