{
  "test/mean_score": 0.2060372090761797,
  "test/sim_max_reward_100000": 0.0,
  "test/sim_max_reward_100001": 0.6039611660226987,
  "test/sim_max_reward_100002": 0.0,
  "test/sim_max_reward_100003": 0.19691589165155865,
  "test/sim_max_reward_100004": 0.3494620650512958,
  "test/sim_max_reward_100005": 0.0,
  "test/sim_max_reward_100006": 0.0,
  "test/sim_max_reward_100007": 0.8553474782583771,
  "test/sim_max_reward_100008": 0.5861331684589608,
  "test/sim_max_reward_100009": 0.0,
  "test/sim_max_reward_100010": 0.14013850138604844,
  "test/sim_max_reward_100011": 0.3945840223479103,
  "test/sim_max_reward_100012": 0.23563077555376344,
  "test/sim_max_reward_100013": 0.1253586789627029,
  "test/sim_max_reward_100014": 0.0,
  "test/sim_max_reward_100015": 0.49713872217330957,
  "test/sim_max_reward_100016": 0.5431359251307033,
  "test/sim_max_reward_100017": 0.26980583052066237,
  "test/sim_max_reward_100018": 0.031125780010250938,
  "test/sim_max_reward_100019": 0.23101146407629639,
  "test/sim_max_reward_100020": 0.0,
  "test/sim_max_reward_100021": 0.31060289539079733,
  "test/sim_max_reward_100022": 0.39074107330573865,
  "test/sim_max_reward_100023": 0.13927794983135172,
  "test/sim_max_reward_100024": 0.21246064417455524,
  "test/sim_max_reward_100025": 0.0,
  "test/sim_max_reward_100026": 0.0,
  "test/sim_max_reward_100027": 0.0,
  "test/sim_max_reward_100028": 0.19829300809157213,
  "test/sim_max_reward_100029": 0.15426455041151454,
  "test/sim_max_reward_100030": 0.0,
  "test/sim_max_reward_100031": 0.01732624943913756,
  "test/sim_max_reward_100032": 0.5309665609014863,
  "test/sim_max_reward_100033": 0.11055763659999894,
  "test/sim_max_reward_100034": 0.026628817516326706,
  "test/sim_max_reward_100035": 0.0,
  "test/sim_max_reward_100036": 0.15055893102194018,
  "test/sim_max_reward_100037": 0.0,
  "test/sim_max_reward_100038": 0.23274912307785206,
  "test/sim_max_reward_100039": 0.38845378414668574,
  "test/sim_max_reward_100040": 0.40641882237995053,
  "test/sim_max_reward_100041": 0.3857543652200091,
  "test/sim_max_reward_100042": 0.14556118501852197,
  "test/sim_max_reward_100043": 0.5157363886910117,
  "test/sim_max_reward_100044": 0.0,
  "test/sim_max_reward_100045": 0.16978387915228915,
  "test/sim_max_reward_100046": 0.39002129067702407,
  "test/sim_max_reward_100047": 0.05750005605427593,
  "test/sim_max_reward_100048": 0.30845377310240774,
  "test/sim_max_reward_100049": 0.0,
  "test/sim_video_100000": "eval_results/optim/lambda0.4_window20/pusht_2/media/c3bh6tpo.mp4",
  "test/sim_video_100001": "eval_results/optim/lambda0.4_window20/pusht_2/media/qnltc6ve.mp4",
  "test/sim_video_100002": "eval_results/optim/lambda0.4_window20/pusht_2/media/1qv0er57.mp4",
  "test/sim_video_100003": "eval_results/optim/lambda0.4_window20/pusht_2/media/wdjegimr.mp4",
  "train/mean_score": 0.2495480235481542,
  "train/sim_max_reward_0": 0.3551771124090398,
  "train/sim_max_reward_1": 0.0006754812217992413,
  "train/sim_max_reward_2": 0.45629187386561937,
  "train/sim_max_reward_3": 0.005346799874240531,
  "train/sim_max_reward_4": 0.40091072999627186,
  "train/sim_max_reward_5": 0.2788861439219543,
  "train/sim_video_0": "eval_results/optim/lambda0.4_window20/pusht_2/media/0kip08lz.mp4",
  "train/sim_video_1": "eval_results/optim/lambda0.4_window20/pusht_2/media/tns6fe3s.mp4"
}