{
  "test/mean_score": 0.8630134784473816,
  "test/sim_max_reward_100000": 0.9947907128483555,
  "test/sim_max_reward_100001": 1.0,
  "test/sim_max_reward_100002": 0.8841926247390058,
  "test/sim_max_reward_100003": 0.9780210147329431,
  "test/sim_max_reward_100004": 0.7146115663801941,
  "test/sim_max_reward_100005": 1.0,
  "test/sim_max_reward_100006": 1.0,
  "test/sim_max_reward_100007": 0.7068595485698848,
  "test/sim_max_reward_100008": 0.919055965868238,
  "test/sim_max_reward_100009": 1.0,
  "test/sim_max_reward_100010": 0.7041066019920981,
  "test/sim_max_reward_100011": 0.9860806548880693,
  "test/sim_max_reward_100012": 0.9867695596679917,
  "test/sim_max_reward_100013": 0.7103846101546583,
  "test/sim_max_reward_100014": 1.0,
  "test/sim_max_reward_100015": 1.0,
  "test/sim_max_reward_100016": 0.887693159585746,
  "test/sim_max_reward_100017": 0.9745088642585585,
  "test/sim_max_reward_100018": 1.0,
  "test/sim_max_reward_100019": 0.996084654926239,
  "test/sim_max_reward_100020": 1.0,
  "test/sim_max_reward_100021": 0.6774986735494378,
  "test/sim_max_reward_100022": 1.0,
  "test/sim_max_reward_100023": 0.7121930007528714,
  "test/sim_max_reward_100024": 0.9503046337624377,
  "test/sim_max_reward_100025": 0.7696476052459719,
  "test/sim_max_reward_100026": 0.7264185732552574,
  "test/sim_max_reward_100027": 0.9542506748214705,
  "test/sim_max_reward_100028": 0.9053711755333306,
  "test/sim_max_reward_100029": 1.0,
  "test/sim_max_reward_100030": 0.7276395840062835,
  "test/sim_max_reward_100031": 0.9634649781445475,
  "test/sim_max_reward_100032": 0.7275371140081182,
  "test/sim_max_reward_100033": 0.7180269350601511,
  "test/sim_max_reward_100034": 0.6939642594885065,
  "test/sim_max_reward_100035": 0.7219454552041902,
  "test/sim_max_reward_100036": 0.9968720358296168,
  "test/sim_max_reward_100037": 0.6421465329444904,
  "test/sim_max_reward_100038": 1.0,
  "test/sim_max_reward_100039": 0.7213533995537084,
  "test/sim_max_reward_100040": 0.725246130450092,
  "test/sim_max_reward_100041": 1.0,
  "test/sim_max_reward_100042": 0.9444933849588691,
  "test/sim_max_reward_100043": 1.0,
  "test/sim_max_reward_100044": 0.7284047703718538,
  "test/sim_max_reward_100045": 0.7223308257439084,
  "test/sim_max_reward_100046": 0.6134545150109226,
  "test/sim_max_reward_100047": 0.7035423069924132,
  "test/sim_max_reward_100048": 0.7144552229120664,
  "test/sim_max_reward_100049": 0.946952596156587,
  "test/sim_video_100000": "checkpoints/pusht_multitask.ckpt_steps100/media/xk4fixob.mp4",
  "test/sim_video_100001": "checkpoints/pusht_multitask.ckpt_steps100/media/u5lfxavd.mp4",
  "test/sim_video_100002": "checkpoints/pusht_multitask.ckpt_steps100/media/tct5fa1o.mp4",
  "test/sim_video_100003": "checkpoints/pusht_multitask.ckpt_steps100/media/6qc3wvmi.mp4",
  "train/mean_score": 0.8722805646960446,
  "train/sim_max_reward_0": 0.8830751830764526,
  "train/sim_max_reward_1": 0.6568211921506839,
  "train/sim_max_reward_2": 0.9997853198143931,
  "train/sim_max_reward_3": 0.9885294611125927,
  "train/sim_max_reward_4": 1.0,
  "train/sim_max_reward_5": 0.7054722320221452,
  "train/sim_video_0": "checkpoints/pusht_multitask.ckpt_steps100/media/w51tzys0.mp4",
  "train/sim_video_1": "checkpoints/pusht_multitask.ckpt_steps100/media/2u4233ye.mp4"
}