{
  "test/mean_score": 0.702810611522247,
  "test/sim_max_reward_100000": 0.9584397953335906,
  "test/sim_max_reward_100001": 0.6071499542112145,
  "test/sim_max_reward_100002": 0.6963119492441341,
  "test/sim_max_reward_100003": 1.0,
  "test/sim_max_reward_100004": 0.5693896117810413,
  "test/sim_max_reward_100005": 0.6899274487016115,
  "test/sim_max_reward_100006": 0.3892360864266013,
  "test/sim_max_reward_100007": 0.3985378401269136,
  "test/sim_max_reward_100008": 0.6628997682163688,
  "test/sim_max_reward_100009": 0.9835199370787544,
  "test/sim_max_reward_100010": 0.9657366838443194,
  "test/sim_max_reward_100011": 0.7153072773244633,
  "test/sim_max_reward_100012": 0.032111821099916844,
  "test/sim_max_reward_100013": 0.7157342541091237,
  "test/sim_max_reward_100014": 0.9858181818158775,
  "test/sim_max_reward_100015": 1.0,
  "test/sim_max_reward_100016": 0.943749772188113,
  "test/sim_max_reward_100017": 0.7105864067457554,
  "test/sim_max_reward_100018": 0.6985631203841097,
  "test/sim_max_reward_100019": 0.9782447814229063,
  "test/sim_max_reward_100020": 0.7007210881171938,
  "test/sim_max_reward_100021": 0.7038349594339847,
  "test/sim_max_reward_100022": 1.0,
  "test/sim_max_reward_100023": 0.6874100463651269,
  "test/sim_max_reward_100024": 0.9921159524059107,
  "test/sim_max_reward_100025": 0.7241187971924959,
  "test/sim_max_reward_100026": 0.7159675897034152,
  "test/sim_max_reward_100027": 0.0,
  "test/sim_max_reward_100028": 0.5376444701106404,
  "test/sim_max_reward_100029": 0.051143793542126594,
  "test/sim_max_reward_100030": 0.0,
  "test/sim_max_reward_100031": 0.9966745025063323,
  "test/sim_max_reward_100032": 0.9316907160428629,
  "test/sim_max_reward_100033": 0.70256070542401,
  "test/sim_max_reward_100034": 0.7328032319176242,
  "test/sim_max_reward_100035": 0.9039408713771733,
  "test/sim_max_reward_100036": 0.7601788352094916,
  "test/sim_max_reward_100037": 0.5580677226648789,
  "test/sim_max_reward_100038": 0.0003500391719393892,
  "test/sim_max_reward_100039": 1.0,
  "test/sim_max_reward_100040": 1.0,
  "test/sim_max_reward_100041": 0.6897714077564426,
  "test/sim_max_reward_100042": 0.9928248137495802,
  "test/sim_max_reward_100043": 0.0,
  "test/sim_max_reward_100044": 0.8150657544786627,
  "test/sim_max_reward_100045": 0.7264447866956345,
  "test/sim_max_reward_100046": 0.8726307991728309,
  "test/sim_max_reward_100047": 0.715058859799575,
  "test/sim_max_reward_100048": 1.0,
  "test/sim_max_reward_100049": 0.9282461432196019,
  "test/sim_video_100000": "eval_results/optim/lambda0.4_window15/pusht_multitask_10/media/0sehuyz0.mp4",
  "test/sim_video_100001": "eval_results/optim/lambda0.4_window15/pusht_multitask_10/media/gnc8qivb.mp4",
  "test/sim_video_100002": "eval_results/optim/lambda0.4_window15/pusht_multitask_10/media/jrh0kq3a.mp4",
  "test/sim_video_100003": "eval_results/optim/lambda0.4_window15/pusht_multitask_10/media/bvc41g5d.mp4",
  "train/mean_score": 0.828071055453942,
  "train/sim_max_reward_0": 0.7043778871850297,
  "train/sim_max_reward_1": 0.913152406567589,
  "train/sim_max_reward_2": 1.0,
  "train/sim_max_reward_3": 0.9976280176206538,
  "train/sim_max_reward_4": 0.686698306628613,
  "train/sim_max_reward_5": 0.6665697147217668,
  "train/sim_video_0": "eval_results/optim/lambda0.4_window15/pusht_multitask_10/media/1ly8lbka.mp4",
  "train/sim_video_1": "eval_results/optim/lambda0.4_window15/pusht_multitask_10/media/xhtlkpm4.mp4"
}