{
  "test/mean_score": 0.9664143144973356,
  "test/sim_max_reward_100000": 1.0,
  "test/sim_max_reward_100001": 1.0,
  "test/sim_max_reward_100002": 0.8883176171530334,
  "test/sim_max_reward_100003": 0.9618038567731311,
  "test/sim_max_reward_100004": 1.0,
  "test/sim_max_reward_100005": 1.0,
  "test/sim_max_reward_100006": 1.0,
  "test/sim_max_reward_100007": 1.0,
  "test/sim_max_reward_100008": 0.9977286682445837,
  "test/sim_max_reward_100009": 0.9435836233617381,
  "test/sim_max_reward_100010": 1.0,
  "test/sim_max_reward_100011": 1.0,
  "test/sim_max_reward_100012": 0.9775225315457985,
  "test/sim_max_reward_100013": 1.0,
  "test/sim_max_reward_100014": 1.0,
  "test/sim_max_reward_100015": 1.0,
  "test/sim_max_reward_100016": 1.0,
  "test/sim_max_reward_100017": 0.9787188018299069,
  "test/sim_max_reward_100018": 1.0,
  "test/sim_max_reward_100019": 0.9857337800760068,
  "test/sim_max_reward_100020": 1.0,
  "test/sim_max_reward_100021": 1.0,
  "test/sim_max_reward_100022": 1.0,
  "test/sim_max_reward_100023": 1.0,
  "test/sim_max_reward_100024": 1.0,
  "test/sim_max_reward_100025": 0.9532271916272914,
  "test/sim_max_reward_100026": 0.974463317748695,
  "test/sim_max_reward_100027": 1.0,
  "test/sim_max_reward_100028": 1.0,
  "test/sim_max_reward_100029": 0.9688545717526993,
  "test/sim_max_reward_100030": 0.9829816731312531,
  "test/sim_max_reward_100031": 1.0,
  "test/sim_max_reward_100032": 1.0,
  "test/sim_max_reward_100033": 0.9938624504529582,
  "test/sim_max_reward_100034": 1.0,
  "test/sim_max_reward_100035": 0.0,
  "test/sim_max_reward_100036": 1.0,
  "test/sim_max_reward_100037": 1.0,
  "test/sim_max_reward_100038": 0.0,
  "test/sim_max_reward_100039": 1.0,
  "test/sim_max_reward_100040": 1.0,
  "test/sim_max_reward_100041": 0.6598893507847777,
  "test/sim_max_reward_100042": 1.0,
  "test/sim_max_reward_100043": 1.0,
  "test/sim_max_reward_100044": 0.9908041370632793,
  "test/sim_max_reward_100045": 1.0,
  "test/sim_max_reward_100046": 1.0,
  "test/sim_max_reward_100047": 1.0,
  "test/sim_max_reward_100048": 0.9876407134466226,
  "test/sim_max_reward_100049": 1.0,
  "test/sim_max_reward_100050": 0.9808829379297902,
  "test/sim_max_reward_100051": 1.0,
  "test/sim_max_reward_100052": 1.0,
  "test/sim_max_reward_100053": 1.0,
  "test/sim_max_reward_100054": 1.0,
  "test/sim_max_reward_100055": 1.0,
  "test/sim_max_reward_100056": 1.0,
  "test/sim_max_reward_100057": 0.994281426879516,
  "test/sim_max_reward_100058": 1.0,
  "test/sim_max_reward_100059": 1.0,
  "test/sim_max_reward_100060": 1.0,
  "test/sim_max_reward_100061": 1.0,
  "test/sim_max_reward_100062": 0.9772049895805606,
  "test/sim_max_reward_100063": 1.0,
  "test/sim_max_reward_100064": 1.0,
  "test/sim_max_reward_100065": 1.0,
  "test/sim_max_reward_100066": 1.0,
  "test/sim_max_reward_100067": 0.9792740323907364,
  "test/sim_max_reward_100068": 0.9830377185994311,
  "test/sim_max_reward_100069": 1.0,
  "test/sim_max_reward_100070": 1.0,
  "test/sim_max_reward_100071": 1.0,
  "test/sim_max_reward_100072": 0.6781747751209671,
  "test/sim_max_reward_100073": 1.0,
  "test/sim_max_reward_100074": 1.0,
  "test/sim_max_reward_100075": 1.0,
  "test/sim_max_reward_100076": 1.0,
  "test/sim_max_reward_100077": 1.0,
  "test/sim_max_reward_100078": 1.0,
  "test/sim_max_reward_100079": 0.9890319740350451,
  "test/sim_max_reward_100080": 1.0,
  "test/sim_max_reward_100081": 1.0,
  "test/sim_max_reward_100082": 1.0,
  "test/sim_max_reward_100083": 0.9919593979882425,
  "test/sim_max_reward_100084": 1.0,
  "test/sim_max_reward_100085": 1.0,
  "test/sim_max_reward_100086": 0.9876776288995377,
  "test/sim_max_reward_100087": 0.9493990698303387,
  "test/sim_max_reward_100088": 0.9918022040893846,
  "test/sim_max_reward_100089": 1.0,
  "test/sim_max_reward_100090": 1.0,
  "test/sim_max_reward_100091": 0.9902347918751616,
  "test/sim_max_reward_100092": 1.0,
  "test/sim_max_reward_100093": 1.0,
  "test/sim_max_reward_100094": 0.9745116502054902,
  "test/sim_max_reward_100095": 0.942202705323016,
  "test/sim_max_reward_100096": 1.0,
  "test/sim_max_reward_100097": 0.9688307987966907,
  "test/sim_max_reward_100098": 1.0,
  "test/sim_max_reward_100099": 1.0,
  "test/sim_max_reward_100100": 0.0,
  "test/sim_max_reward_100101": 0.9980993919292163,
  "test/sim_max_reward_100102": 1.0,
  "test/sim_max_reward_100103": 0.9903421772292285,
  "test/sim_max_reward_100104": 0.9862999971834415,
  "test/sim_max_reward_100105": 0.9638271049281099,
  "test/sim_max_reward_100106": 0.9909016941738424,
  "test/sim_max_reward_100107": 0.9831680936452026,
  "test/sim_max_reward_100108": 1.0,
  "test/sim_max_reward_100109": 1.0,
  "test/sim_max_reward_100110": 1.0,
  "test/sim_max_reward_100111": 0.9953752025439936,
  "test/sim_max_reward_100112": 1.0,
  "test/sim_max_reward_100113": 1.0,
  "test/sim_max_reward_100114": 1.0,
  "test/sim_max_reward_100115": 0.9172327511141745,
  "test/sim_max_reward_100116": 0.9731910243243829,
  "test/sim_max_reward_100117": 0.9914385044786228,
  "test/sim_max_reward_100118": 1.0,
  "test/sim_max_reward_100119": 1.0,
  "test/sim_max_reward_100120": 1.0,
  "test/sim_max_reward_100121": 1.0,
  "test/sim_max_reward_100122": 1.0,
  "test/sim_max_reward_100123": 0.9928193751495619,
  "test/sim_max_reward_100124": 0.9666856468895529,
  "test/sim_max_reward_100125": 0.8268485873911595,
  "test/sim_max_reward_100126": 1.0,
  "test/sim_max_reward_100127": 0.0,
  "test/sim_max_reward_100128": 1.0,
  "test/sim_max_reward_100129": 1.0,
  "test/sim_max_reward_100130": 1.0,
  "test/sim_max_reward_100131": 1.0,
  "test/sim_max_reward_100132": 0.9823958535733597,
  "test/sim_max_reward_100133": 1.0,
  "test/sim_max_reward_100134": 1.0,
  "test/sim_max_reward_100135": 1.0,
  "test/sim_max_reward_100136": 0.9869744055511408,
  "test/sim_max_reward_100137": 1.0,
  "test/sim_max_reward_100138": 1.0,
  "test/sim_max_reward_100139": 1.0,
  "test/sim_max_reward_100140": 1.0,
  "test/sim_max_reward_100141": 1.0,
  "test/sim_max_reward_100142": 0.9953352981624218,
  "test/sim_max_reward_100143": 1.0,
  "test/sim_max_reward_100144": 1.0,
  "test/sim_max_reward_100145": 0.9837162903586049,
  "test/sim_max_reward_100146": 1.0,
  "test/sim_max_reward_100147": 1.0,
  "test/sim_max_reward_100148": 1.0,
  "test/sim_max_reward_100149": 0.9871541037943217,
  "test/sim_max_reward_100150": 1.0,
  "test/sim_max_reward_100151": 0.9810195528123528,
  "test/sim_max_reward_100152": 0.964063440395549,
  "test/sim_max_reward_100153": 1.0,
  "test/sim_max_reward_100154": 0.9594236398601802,
  "test/sim_max_reward_100155": 0.9961460311897494,
  "test/sim_max_reward_100156": 1.0,
  "test/sim_max_reward_100157": 1.0,
  "test/sim_max_reward_100158": 0.9941534482918862,
  "test/sim_max_reward_100159": 0.9908796444051592,
  "test/sim_max_reward_100160": 0.9935846420879989,
  "test/sim_max_reward_100161": 1.0,
  "test/sim_max_reward_100162": 0.9759300812015582,
  "test/sim_max_reward_100163": 1.0,
  "test/sim_max_reward_100164": 1.0,
  "test/sim_max_reward_100165": 0.9651706696832548,
  "test/sim_max_reward_100166": 1.0,
  "test/sim_max_reward_100167": 1.0,
  "test/sim_max_reward_100168": 1.0,
  "test/sim_max_reward_100169": 1.0,
  "test/sim_max_reward_100170": 0.989240248513444,
  "test/sim_max_reward_100171": 1.0,
  "test/sim_max_reward_100172": 0.9754100098112041,
  "test/sim_max_reward_100173": 1.0,
  "test/sim_max_reward_100174": 1.0,
  "test/sim_max_reward_100175": 1.0,
  "test/sim_max_reward_100176": 1.0,
  "test/sim_max_reward_100177": 1.0,
  "test/sim_max_reward_100178": 0.9936910544008096,
  "test/sim_max_reward_100179": 1.0,
  "test/sim_max_reward_100180": 1.0,
  "test/sim_max_reward_100181": 1.0,
  "test/sim_max_reward_100182": 0.9345581042961192,
  "test/sim_max_reward_100183": 1.0,
  "test/sim_max_reward_100184": 1.0,
  "test/sim_max_reward_100185": 0.9972208555623892,
  "test/sim_max_reward_100186": 1.0,
  "test/sim_max_reward_100187": 1.0,
  "test/sim_max_reward_100188": 1.0,
  "test/sim_max_reward_100189": 1.0,