{
  "test/mean_score": 0.9506711433851218,
  "test/sim_max_reward_100000": 1.0,
  "test/sim_max_reward_100001": 0.9987778038909528,
  "test/sim_max_reward_100002": 0.9498911870600382,
  "test/sim_max_reward_100003": 1.0,
  "test/sim_max_reward_100004": 0.9804099591670695,
  "test/sim_max_reward_100005": 1.0,
  "test/sim_max_reward_100006": 1.0,
  "test/sim_max_reward_100007": 0.9964112713959212,
  "test/sim_max_reward_100008": 1.0,
  "test/sim_max_reward_100009": 0.9924946064630293,
  "test/sim_max_reward_100010": 0.8570426426216221,
  "test/sim_max_reward_100011": 1.0,
  "test/sim_max_reward_100012": 1.0,
  "test/sim_max_reward_100013": 0.991894115090126,
  "test/sim_max_reward_100014": 1.0,
  "test/sim_max_reward_100015": 0.9984833240763918,
  "test/sim_max_reward_100016": 1.0,
  "test/sim_max_reward_100017": 0.9943391465367007,
  "test/sim_max_reward_100018": 1.0,
  "test/sim_max_reward_100019": 0.9629726957583752,
  "test/sim_max_reward_100020": 1.0,
  "test/sim_max_reward_100021": 1.0,
  "test/sim_max_reward_100022": 1.0,
  "test/sim_max_reward_100023": 0.9822010749180956,
  "test/sim_max_reward_100024": 0.9826485342489489,
  "test/sim_max_reward_100025": 1.0,
  "test/sim_max_reward_100026": 0.9681294328902158,
  "test/sim_max_reward_100027": 1.0,
  "test/sim_max_reward_100028": 0.9975263245579769,
  "test/sim_max_reward_100029": 0.9983710439559004,
  "test/sim_max_reward_100030": 1.0,
  "test/sim_max_reward_100031": 1.0,
  "test/sim_max_reward_100032": 1.0,
  "test/sim_max_reward_100033": 1.0,
  "test/sim_max_reward_100034": 0.9751489573513371,
  "test/sim_max_reward_100035": 0.0,
  "test/sim_max_reward_100036": 0.9716192374125647,
  "test/sim_max_reward_100037": 0.9531476776988814,
  "test/sim_max_reward_100038": 0.7859672715107142,
  "test/sim_max_reward_100039": 0.9889884211329336,
  "test/sim_max_reward_100040": 1.0,
  "test/sim_max_reward_100041": 0.254578756631412,
  "test/sim_max_reward_100042": 1.0,
  "test/sim_max_reward_100043": 1.0,
  "test/sim_max_reward_100044": 1.0,
  "test/sim_max_reward_100045": 1.0,
  "test/sim_max_reward_100046": 1.0,
  "test/sim_max_reward_100047": 1.0,
  "test/sim_max_reward_100048": 1.0,
  "test/sim_max_reward_100049": 0.952513684886886,
  "test/sim_video_100000": "eval_results/optim/pusht_10/media/j648uba2.mp4",
  "test/sim_video_100001": "eval_results/optim/pusht_10/media/wprt61en.mp4",
  "test/sim_video_100002": "eval_results/optim/pusht_10/media/zpf5uu3y.mp4",
  "test/sim_video_100003": "eval_results/optim/pusht_10/media/vv67z7tt.mp4",
  "train/mean_score": 0.9844380050294345,
  "train/sim_max_reward_0": 0.918445026318076,
  "train/sim_max_reward_1": 0.9937083144257515,
  "train/sim_max_reward_2": 0.9944746894327794,
  "train/sim_max_reward_3": 1.0,
  "train/sim_max_reward_4": 1.0,
  "train/sim_max_reward_5": 1.0,
  "train/sim_video_0": "eval_results/optim/pusht_10/media/2i80wvbv.mp4",
  "train/sim_video_1": "eval_results/optim/pusht_10/media/guuz8hoz.mp4"
}