{
  "test/mean_score": 0.9811615304592811,
  "test/sim_max_reward_100000": 0.9871494975172083,
  "test/sim_max_reward_100001": 1.0,
  "test/sim_max_reward_100002": 1.0,
  "test/sim_max_reward_100003": 1.0,
  "test/sim_max_reward_100004": 0.9953661689589656,
  "test/sim_max_reward_100005": 1.0,
  "test/sim_max_reward_100006": 1.0,
  "test/sim_max_reward_100007": 1.0,
  "test/sim_max_reward_100008": 1.0,
  "test/sim_max_reward_100009": 0.8081444224989153,
  "test/sim_max_reward_100010": 0.9851294773839318,
  "test/sim_max_reward_100011": 1.0,
  "test/sim_max_reward_100012": 1.0,
  "test/sim_max_reward_100013": 0.9765570659610593,
  "test/sim_max_reward_100014": 1.0,
  "test/sim_max_reward_100015": 1.0,
  "test/sim_max_reward_100016": 1.0,
  "test/sim_max_reward_100017": 1.0,
  "test/sim_max_reward_100018": 1.0,
  "test/sim_max_reward_100019": 1.0,
  "test/sim_max_reward_100020": 1.0,
  "test/sim_max_reward_100021": 1.0,
  "test/sim_max_reward_100022": 1.0,
  "test/sim_max_reward_100023": 0.984723167296525,
  "test/sim_max_reward_100024": 1.0,
  "test/sim_max_reward_100025": 1.0,
  "test/sim_max_reward_100026": 0.9552012159272385,
  "test/sim_max_reward_100027": 0.9887756403647733,
  "test/sim_max_reward_100028": 1.0,
  "test/sim_max_reward_100029": 1.0,
  "test/sim_max_reward_100030": 1.0,
  "test/sim_max_reward_100031": 0.9974643939008584,
  "test/sim_max_reward_100032": 1.0,
  "test/sim_max_reward_100033": 1.0,
  "test/sim_max_reward_100034": 1.0,
  "test/sim_max_reward_100035": 0.970242790614765,
  "test/sim_max_reward_100036": 0.990381231360399,
  "test/sim_max_reward_100037": 0.9982147984530486,
  "test/sim_max_reward_100038": 0.4209211908728814,
  "test/sim_max_reward_100039": 1.0,
  "test/sim_max_reward_100040": 1.0,
  "test/sim_max_reward_100041": 1.0,
  "test/sim_max_reward_100042": 1.0,
  "test/sim_max_reward_100043": 1.0,
  "test/sim_max_reward_100044": 1.0,
  "test/sim_max_reward_100045": 1.0,
  "test/sim_max_reward_100046": 0.9998054618534801,
  "test/sim_max_reward_100047": 1.0,
  "test/sim_max_reward_100048": 1.0,
  "test/sim_max_reward_100049": 1.0,
  "test/sim_video_100000": "eval_results/origin/pusht_5/media/n025lblq.mp4",
  "test/sim_video_100001": "eval_results/origin/pusht_5/media/fkkc3o0t.mp4",
  "test/sim_video_100002": "eval_results/origin/pusht_5/media/bwalatm7.mp4",
  "test/sim_video_100003": "eval_results/origin/pusht_5/media/bpw88ciu.mp4",
  "train/mean_score": 0.9837679525310256,
  "train/sim_max_reward_0": 1.0,
  "train/sim_max_reward_1": 0.9366950124616301,
  "train/sim_max_reward_2": 1.0,
  "train/sim_max_reward_3": 0.9659127027245232,
  "train/sim_max_reward_4": 1.0,
  "train/sim_max_reward_5": 1.0,
  "train/sim_video_0": "eval_results/origin/pusht_5/media/7n6lhuax.mp4",
  "train/sim_video_1": "eval_results/origin/pusht_5/media/n1ifrkku.mp4"
}