{
  "test/mean_score": 0.7380062772160824,
  "test/sim_max_reward_100000": 0.9882983860117114,
  "test/sim_max_reward_100001": 0.7048858086211313,
  "test/sim_max_reward_100002": 0.16236779359476725,
  "test/sim_max_reward_100003": 0.9814598143247484,
  "test/sim_max_reward_100004": 0.194872750808372,
  "test/sim_max_reward_100005": 1.0,
  "test/sim_max_reward_100006": 0.7268557109162032,
  "test/sim_max_reward_100007": 0.9654202495464914,
  "test/sim_max_reward_100008": 0.9473207272018895,
  "test/sim_max_reward_100009": 0.9813582230067375,
  "test/sim_max_reward_100010": 0.7184115935106425,
  "test/sim_max_reward_100011": 1.0,
  "test/sim_max_reward_100012": 0.0,
  "test/sim_max_reward_100013": 0.6604795393461773,
  "test/sim_max_reward_100014": 0.7376781677439799,
  "test/sim_max_reward_100015": 1.0,
  "test/sim_max_reward_100016": 0.9000413872772268,
  "test/sim_max_reward_100017": 0.6864204017604111,
  "test/sim_max_reward_100018": 0.7208917839418838,
  "test/sim_max_reward_100019": 1.0,
  "test/sim_max_reward_100020": 0.9244144517011401,
  "test/sim_max_reward_100021": 0.9969667749880012,
  "test/sim_max_reward_100022": 0.67171729843277,
  "test/sim_max_reward_100023": 0.7091248228920682,
  "test/sim_max_reward_100024": 0.8281935716690879,
  "test/sim_max_reward_100025": 0.9696481613658228,
  "test/sim_max_reward_100026": 0.7124580477996996,
  "test/sim_max_reward_100027": 0.0,
  "test/sim_max_reward_100028": 0.26795491731820414,
  "test/sim_max_reward_100029": 0.5226642799481048,
  "test/sim_max_reward_100030": 1.0,
  "test/sim_max_reward_100031": 0.6612264404541068,
  "test/sim_max_reward_100032": 0.7187335880418134,
  "test/sim_max_reward_100033": 0.7165743299371863,
  "test/sim_max_reward_100034": 0.22660568016508814,
  "test/sim_max_reward_100035": 0.6272789565809602,
  "test/sim_max_reward_100036": 0.9480384619190215,
  "test/sim_max_reward_100037": 0.9893225951739526,
  "test/sim_max_reward_100038": 0.7213564645003733,
  "test/sim_max_reward_100039": 0.7261647268171959,
  "test/sim_max_reward_100040": 1.0,
  "test/sim_max_reward_100041": 0.7209153892149435,
  "test/sim_max_reward_100042": 0.7579921468038863,
  "test/sim_max_reward_100043": 0.9681632615738663,
  "test/sim_max_reward_100044": 0.9715242816796404,
  "test/sim_max_reward_100045": 1.0,
  "test/sim_max_reward_100046": 0.9246398742862443,
  "test/sim_max_reward_100047": 0.8397747694347169,
  "test/sim_max_reward_100048": 0.7020982304938438,
  "test/sim_max_reward_100049": 0.0,
  "test/sim_video_100000": "eval_results/optim/lambda0.4_window15/pusht_multitask_80/media/3ql1bmts.mp4",
  "test/sim_video_100001": "eval_results/optim/lambda0.4_window15/pusht_multitask_80/media/xg1qj427.mp4",
  "test/sim_video_100002": "eval_results/optim/lambda0.4_window15/pusht_multitask_80/media/d7powplw.mp4",
  "test/sim_video_100003": "eval_results/optim/lambda0.4_window15/pusht_multitask_80/media/zm02mxgv.mp4",
  "train/mean_score": 0.6680675244949567,
  "train/sim_max_reward_0": 0.2979608530491901,
  "train/sim_max_reward_1": 0.0,
  "train/sim_max_reward_2": 0.9976495131735257,
  "train/sim_max_reward_3": 1.0,
  "train/sim_max_reward_4": 1.0,
  "train/sim_max_reward_5": 0.7127947807470244,
  "train/sim_video_0": "eval_results/optim/lambda0.4_window15/pusht_multitask_80/media/zpz7u9z3.mp4",
  "train/sim_video_1": "eval_results/optim/lambda0.4_window15/pusht_multitask_80/media/n7lg6oec.mp4"
}