{
  "test/mean_score": 0.17120771991994332,
  "test/sim_max_reward_100000": 0.0,
  "test/sim_max_reward_100001": 0.2065299751795633,
  "test/sim_max_reward_100002": 0.4115492629537639,
  "test/sim_max_reward_100003": 0.17881819568268698,
  "test/sim_max_reward_100004": 0.0165475645327769,
  "test/sim_max_reward_100005": 0.0,
  "test/sim_max_reward_100006": 0.0,
  "test/sim_max_reward_100007": 0.4167964570409,
  "test/sim_max_reward_100008": 0.1570378593371219,
  "test/sim_max_reward_100009": 0.0,
  "test/sim_max_reward_100010": 0.14013850138604844,
  "test/sim_max_reward_100011": 0.0,
  "test/sim_max_reward_100012": 0.10857809695722839,
  "test/sim_max_reward_100013": 0.20319295160131703,
  "test/sim_max_reward_100014": 0.22356667608216743,
  "test/sim_max_reward_100015": 0.5006030520743386,
  "test/sim_max_reward_100016": 0.15533656176709687,
  "test/sim_max_reward_100017": 0.5487790449241307,
  "test/sim_max_reward_100018": 0.031125780010250938,
  "test/sim_max_reward_100019": 0.49238656009989934,
  "test/sim_max_reward_100020": 0.0,
  "test/sim_max_reward_100021": 0.31417132914806317,
  "test/sim_max_reward_100022": 0.41316799564154,
  "test/sim_max_reward_100023": 0.0,
  "test/sim_max_reward_100024": 0.0,
  "test/sim_max_reward_100025": 0.0,
  "test/sim_max_reward_100026": 0.0,
  "test/sim_max_reward_100027": 0.20088752963099193,
  "test/sim_max_reward_100028": 0.0,
  "test/sim_max_reward_100029": 0.15426455041151454,
  "test/sim_max_reward_100030": 0.0,
  "test/sim_max_reward_100031": 0.0,
  "test/sim_max_reward_100032": 0.5892787229598615,
  "test/sim_max_reward_100033": 0.06427958978392911,
  "test/sim_max_reward_100034": 0.19276976463214074,
  "test/sim_max_reward_100035": 0.3420529080714289,
  "test/sim_max_reward_100036": 0.0,
  "test/sim_max_reward_100037": 0.0,
  "test/sim_max_reward_100038": 0.417588380669319,
  "test/sim_max_reward_100039": 0.3470278629965497,
  "test/sim_max_reward_100040": 0.33225635154785405,
  "test/sim_max_reward_100041": 0.025411495667900096,
  "test/sim_max_reward_100042": 0.0521416654693466,
  "test/sim_max_reward_100043": 0.4655998448210535,
  "test/sim_max_reward_100044": 0.0,
  "test/sim_max_reward_100045": 0.1792710642897064,
  "test/sim_max_reward_100046": 0.3900479955582202,
  "test/sim_max_reward_100047": 0.15261603576360064,
  "test/sim_max_reward_100048": 0.13656636930485588,
  "test/sim_max_reward_100049": 0.0,
  "test/sim_video_100000": "eval_results/optim/lambda0.3_window16/pusht_2/media/35ymvs5t.mp4",
  "test/sim_video_100001": "eval_results/optim/lambda0.3_window16/pusht_2/media/vsagsfjx.mp4",
  "test/sim_video_100002": "eval_results/optim/lambda0.3_window16/pusht_2/media/9pjytrje.mp4",
  "test/sim_video_100003": "eval_results/optim/lambda0.3_window16/pusht_2/media/65rveli6.mp4",
  "train/mean_score": 0.2515594836373841,
  "train/sim_max_reward_0": 0.19029749660605202,
  "train/sim_max_reward_1": 0.467992443359147,
  "train/sim_max_reward_2": 0.1350357404299582,
  "train/sim_max_reward_3": 0.005346799874240531,
  "train/sim_max_reward_4": 0.3462662951158809,
  "train/sim_max_reward_5": 0.36441812643902605,
  "train/sim_video_0": "eval_results/optim/lambda0.3_window16/pusht_2/media/044rtpj4.mp4",
  "train/sim_video_1": "eval_results/optim/lambda0.3_window16/pusht_2/media/58j8soxm.mp4"
}