{
  "test/mean_score": 0.9330362619108693,
  "test/sim_max_reward_100000": 1.0,
  "test/sim_max_reward_100001": 0.9835687272004036,
  "test/sim_max_reward_100002": 0.15731530780450437,
  "test/sim_max_reward_100003": 0.9722880857091524,
  "test/sim_max_reward_100004": 1.0,
  "test/sim_max_reward_100005": 1.0,
  "test/sim_max_reward_100006": 1.0,
  "test/sim_max_reward_100007": 1.0,
  "test/sim_max_reward_100008": 1.0,
  "test/sim_max_reward_100009": 0.9491935955265751,
  "test/sim_max_reward_100010": 0.9919524792986171,
  "test/sim_max_reward_100011": 1.0,
  "test/sim_max_reward_100012": 1.0,
  "test/sim_max_reward_100013": 0.9944334893068639,
  "test/sim_max_reward_100014": 1.0,
  "test/sim_max_reward_100015": 0.9719339268728185,
  "test/sim_max_reward_100016": 1.0,
  "test/sim_max_reward_100017": 0.9849667126326929,
  "test/sim_max_reward_100018": 0.9957572144021111,
  "test/sim_max_reward_100019": 0.955046377559636,
  "test/sim_max_reward_100020": 0.9811354564487713,
  "test/sim_max_reward_100021": 1.0,
  "test/sim_max_reward_100022": 1.0,
  "test/sim_max_reward_100023": 0.9638259140153316,
  "test/sim_max_reward_100024": 0.9707050548976377,
  "test/sim_max_reward_100025": 1.0,
  "test/sim_max_reward_100026": 0.9615316217142532,
  "test/sim_max_reward_100027": 1.0,
  "test/sim_max_reward_100028": 1.0,
  "test/sim_max_reward_100029": 1.0,
  "test/sim_max_reward_100030": 1.0,
  "test/sim_max_reward_100031": 1.0,
  "test/sim_max_reward_100032": 1.0,
  "test/sim_max_reward_100033": 1.0,
  "test/sim_max_reward_100034": 0.9821249814193433,
  "test/sim_max_reward_100035": 0.0,
  "test/sim_max_reward_100036": 0.9789216844448121,
  "test/sim_max_reward_100037": 1.0,
  "test/sim_max_reward_100038": 0.0,
  "test/sim_max_reward_100039": 0.9989684597877276,
  "test/sim_max_reward_100040": 1.0,
  "test/sim_max_reward_100041": 0.8999873049502106,
  "test/sim_max_reward_100042": 1.0,
  "test/sim_max_reward_100043": 1.0,
  "test/sim_max_reward_100044": 0.9810200426131289,
  "test/sim_max_reward_100045": 1.0,
  "test/sim_max_reward_100046": 1.0,
  "test/sim_max_reward_100047": 1.0,
  "test/sim_max_reward_100048": 0.9771366589388768,
  "test/sim_max_reward_100049": 1.0,
  "test/sim_video_100000": "eval_results/optim/lambda0.3/pusht_5/media/d1h9dusc.mp4",
  "test/sim_video_100001": "eval_results/optim/lambda0.3/pusht_5/media/lylthpop.mp4",
  "test/sim_video_100002": "eval_results/optim/lambda0.3/pusht_5/media/6fec8qj7.mp4",
  "test/sim_video_100003": "eval_results/optim/lambda0.3/pusht_5/media/ocmmn1wm.mp4",
  "train/mean_score": 0.9772372079691887,
  "train/sim_max_reward_0": 0.8928046099847553,
  "train/sim_max_reward_1": 0.9887866240677109,
  "train/sim_max_reward_2": 0.993471826671872,
  "train/sim_max_reward_3": 1.0,
  "train/sim_max_reward_4": 0.9883601870907943,
  "train/sim_max_reward_5": 1.0,
  "train/sim_video_0": "eval_results/optim/lambda0.3/pusht_5/media/lgj8rc85.mp4",
  "train/sim_video_1": "eval_results/optim/lambda0.3/pusht_5/media/gzx6zy4q.mp4"
}