{
  "test/mean_score": 0.17185299154105793,
  "test/sim_max_reward_100000": 0.0,
  "test/sim_max_reward_100001": 0.17785419038837721,
  "test/sim_max_reward_100002": 0.0,
  "test/sim_max_reward_100003": 0.1796229709777169,
  "test/sim_max_reward_100004": 0.3496089118950648,
  "test/sim_max_reward_100005": 0.0,
  "test/sim_max_reward_100006": 0.0,
  "test/sim_max_reward_100007": 0.8552967184460873,
  "test/sim_max_reward_100008": 0.58622453347462,
  "test/sim_max_reward_100009": 0.0,
  "test/sim_max_reward_100010": 0.14013850138604844,
  "test/sim_max_reward_100011": 0.31422423512287634,
  "test/sim_max_reward_100012": 0.20532158927604952,
  "test/sim_max_reward_100013": 0.0996584749229377,
  "test/sim_max_reward_100014": 0.0,
  "test/sim_max_reward_100015": 0.49713872217330957,
  "test/sim_max_reward_100016": 0.5430187498519353,
  "test/sim_max_reward_100017": 0.26980657090727833,
  "test/sim_max_reward_100018": 0.031125780010250938,
  "test/sim_max_reward_100019": 0.23101146407629639,
  "test/sim_max_reward_100020": 0.0,
  "test/sim_max_reward_100021": 0.13119817030348874,
  "test/sim_max_reward_100022": 0.39074550917354967,
  "test/sim_max_reward_100023": 0.14140308835023038,
  "test/sim_max_reward_100024": 0.21297574260644803,
  "test/sim_max_reward_100025": 0.0,
  "test/sim_max_reward_100026": 0.0,
  "test/sim_max_reward_100027": 0.0,
  "test/sim_max_reward_100028": 0.0,
  "test/sim_max_reward_100029": 0.15426455041151454,
  "test/sim_max_reward_100030": 0.0,
  "test/sim_max_reward_100031": 0.0,
  "test/sim_max_reward_100032": 0.46519617261119023,
  "test/sim_max_reward_100033": 0.11055455671735272,
  "test/sim_max_reward_100034": 0.026628817516326706,
  "test/sim_max_reward_100035": 0.0,
  "test/sim_max_reward_100036": 0.1327909438112976,
  "test/sim_max_reward_100037": 0.0,
  "test/sim_max_reward_100038": 0.23159010501407024,
  "test/sim_max_reward_100039": 0.3489424805665739,
  "test/sim_max_reward_100040": 0.4064176435404566,
  "test/sim_max_reward_100041": 0.025447047775766424,
  "test/sim_max_reward_100042": 0.23434124885099047,
  "test/sim_max_reward_100043": 0.39455691326535197,
  "test/sim_max_reward_100044": 0.0,
  "test/sim_max_reward_100045": 0.16951241031623354,
  "test/sim_max_reward_100046": 0.39002226181950783,
  "test/sim_max_reward_100047": 8.437785792682731e-05,
  "test/sim_max_reward_100048": 0.14592612363577043,
  "test/sim_max_reward_100049": 0.0,
  "test/sim_video_100000": "eval_results/optim/lambda0.4_window50/pusht_2/media/k9sci3al.mp4",
  "test/sim_video_100001": "eval_results/optim/lambda0.4_window50/pusht_2/media/st2b399l.mp4",
  "test/sim_video_100002": "eval_results/optim/lambda0.4_window50/pusht_2/media/k7rmjr8d.mp4",
  "test/sim_video_100003": "eval_results/optim/lambda0.4_window50/pusht_2/media/ds0vcsjy.mp4",
  "train/mean_score": 0.23864284823230253,
  "train/sim_max_reward_0": 0.3554901814693663,
  "train/sim_max_reward_1": 0.0006754812217992413,
  "train/sim_max_reward_2": 0.6553202509343422,
  "train/sim_max_reward_3": 0.005346799874240531,
  "train/sim_max_reward_4": 0.0,
  "train/sim_max_reward_5": 0.41502437589406704,
  "train/sim_video_0": "eval_results/optim/lambda0.4_window50/pusht_2/media/6ojp97dk.mp4",
  "train/sim_video_1": "eval_results/optim/lambda0.4_window50/pusht_2/media/879iq8ob.mp4"
}