{
  "test/mean_score": 0.18695299720240907,
  "test/sim_max_reward_100000": 0.0,
  "test/sim_max_reward_100001": 0.17785419038837721,
  "test/sim_max_reward_100002": 0.0,
  "test/sim_max_reward_100003": 0.19691957421265108,
  "test/sim_max_reward_100004": 0.34939761170224154,
  "test/sim_max_reward_100005": 0.0,
  "test/sim_max_reward_100006": 0.0,
  "test/sim_max_reward_100007": 0.8554031023675404,
  "test/sim_max_reward_100008": 0.23366929850964424,
  "test/sim_max_reward_100009": 0.0,
  "test/sim_max_reward_100010": 0.14013850138604844,
  "test/sim_max_reward_100011": 0.3140447440439318,
  "test/sim_max_reward_100012": 0.2828549192328606,
  "test/sim_max_reward_100013": 0.1385297963559948,
  "test/sim_max_reward_100014": 0.0,
  "test/sim_max_reward_100015": 0.49713872217330957,
  "test/sim_max_reward_100016": 0.4348213718062231,
  "test/sim_max_reward_100017": 0.5491225107270191,
  "test/sim_max_reward_100018": 0.031125780010250938,
  "test/sim_max_reward_100019": 0.23101146407629639,
  "test/sim_max_reward_100020": 0.0,
  "test/sim_max_reward_100021": 0.13119412835068794,
  "test/sim_max_reward_100022": 0.3907349230115266,
  "test/sim_max_reward_100023": 0.0,
  "test/sim_max_reward_100024": 0.21327325804818634,
  "test/sim_max_reward_100025": 0.0,
  "test/sim_max_reward_100026": 0.0,
  "test/sim_max_reward_100027": 0.0,
  "test/sim_max_reward_100028": 0.0,
  "test/sim_max_reward_100029": 0.15426455041151454,
  "test/sim_max_reward_100030": 0.0,
  "test/sim_max_reward_100031": 0.0,
  "test/sim_max_reward_100032": 0.6482943802176899,
  "test/sim_max_reward_100033": 0.3069786114449196,
  "test/sim_max_reward_100034": 0.026628817516326706,
  "test/sim_max_reward_100035": 0.0,
  "test/sim_max_reward_100036": 0.3130977016995336,
  "test/sim_max_reward_100037": 0.0,
  "test/sim_max_reward_100038": 0.22956209032511288,
  "test/sim_max_reward_100039": 0.348987115992208,
  "test/sim_max_reward_100040": 0.4064206773514372,
  "test/sim_max_reward_100041": 0.02544806636380452,
  "test/sim_max_reward_100042": 0.0005672987595483569,
  "test/sim_max_reward_100043": 0.39952798892832625,
  "test/sim_max_reward_100044": 0.0,
  "test/sim_max_reward_100045": 0.16951377081243027,
  "test/sim_max_reward_100046": 0.3900204625045755,
  "test/sim_max_reward_100047": 0.38607474637769096,
  "test/sim_max_reward_100048": 0.37502968501254536,
  "test/sim_max_reward_100049": 0.0,
  "test/sim_video_100000": "eval_results/optim/lambda0.4_window10/pusht_2/media/d8r83n04.mp4",
  "test/sim_video_100001": "eval_results/optim/lambda0.4_window10/pusht_2/media/6zsu3oku.mp4",
  "test/sim_video_100002": "eval_results/optim/lambda0.4_window10/pusht_2/media/s717hry5.mp4",
  "test/sim_video_100003": "eval_results/optim/lambda0.4_window10/pusht_2/media/glfrwb95.mp4",
  "train/mean_score": 0.1893814732383955,
  "train/sim_max_reward_0": 0.19029749660605202,
  "train/sim_max_reward_1": 0.0006754812217992413,
  "train/sim_max_reward_2": 0.4562243570113462,
  "train/sim_max_reward_3": 0.005346799874240531,
  "train/sim_max_reward_4": 0.20611964580431846,
  "train/sim_max_reward_5": 0.2776250589126164,
  "train/sim_video_0": "eval_results/optim/lambda0.4_window10/pusht_2/media/dsn1abnv.mp4",
  "train/sim_video_1": "eval_results/optim/lambda0.4_window10/pusht_2/media/ndsvhtdl.mp4"
}