{
  "test/mean_score": 0.7842767531509351,
  "test/sim_max_reward_100000": 1.0,
  "test/sim_max_reward_100001": 0.977435177993257,
  "test/sim_max_reward_100002": 0.9926754757765752,
  "test/sim_max_reward_100003": 0.9727347045292215,
  "test/sim_max_reward_100004": 0.9665716421857583,
  "test/sim_max_reward_100005": 0.9654700802145059,
  "test/sim_max_reward_100006": 0.6031216732398871,
  "test/sim_max_reward_100007": 0.9963733429807531,
  "test/sim_max_reward_100008": 0.7132056029314618,
  "test/sim_max_reward_100009": 1.0,
  "test/sim_max_reward_100010": 0.6401999208793678,
  "test/sim_max_reward_100011": 0.591396186977474,
  "test/sim_max_reward_100012": 0.9700658105241737,
  "test/sim_max_reward_100013": 0.6994365839740329,
  "test/sim_max_reward_100014": 1.0,
  "test/sim_max_reward_100015": 0.5292076586351567,
  "test/sim_max_reward_100016": 0.7187819515453338,
  "test/sim_max_reward_100017": 0.6850017199630143,
  "test/sim_max_reward_100018": 0.8366503042627915,
  "test/sim_max_reward_100019": 0.8073366826080597,
  "test/sim_max_reward_100020": 0.712988609311328,
  "test/sim_max_reward_100021": 0.552645983261046,
  "test/sim_max_reward_100022": 0.6998057881231281,
  "test/sim_max_reward_100023": 1.0,
  "test/sim_max_reward_100024": 1.0,
  "test/sim_max_reward_100025": 0.6726739617603114,
  "test/sim_max_reward_100026": 0.7205669517407141,
  "test/sim_max_reward_100027": 0.0,
  "test/sim_max_reward_100028": 1.0,
  "test/sim_max_reward_100029": 0.9945813593790992,
  "test/sim_max_reward_100030": 0.6932097397666782,
  "test/sim_max_reward_100031": 0.7269849752465274,
  "test/sim_max_reward_100032": 0.7121568871484721,
  "test/sim_max_reward_100033": 0.7136492926675437,
  "test/sim_max_reward_100034": 0.6548962520314094,
  "test/sim_max_reward_100035": 0.0,
  "test/sim_max_reward_100036": 0.611933624127875,
  "test/sim_max_reward_100037": 0.7064841475601493,
  "test/sim_max_reward_100038": 0.9718555222147645,
  "test/sim_max_reward_100039": 0.8261696030541739,
  "test/sim_max_reward_100040": 1.0,
  "test/sim_max_reward_100041": 0.5673046498344125,
  "test/sim_max_reward_100042": 0.9548013000290091,
  "test/sim_max_reward_100043": 0.9740537026933838,
  "test/sim_max_reward_100044": 0.7033772927539585,
  "test/sim_max_reward_100045": 1.0,
  "test/sim_max_reward_100046": 1.0,
  "test/sim_max_reward_100047": 0.7068475748451151,
  "test/sim_max_reward_100048": 1.0,
  "test/sim_max_reward_100049": 0.6711859207768254,
  "test/sim_video_100000": "eval_results/origin/pusht_multitask_80/media/oblj0zhg.mp4",
  "test/sim_video_100001": "eval_results/origin/pusht_multitask_80/media/9n952kfp.mp4",
  "test/sim_video_100002": "eval_results/origin/pusht_multitask_80/media/l7jfhvnu.mp4",
  "test/sim_video_100003": "eval_results/origin/pusht_multitask_80/media/rjadffz3.mp4",
  "train/mean_score": 0.7897583098959772,
  "train/sim_max_reward_0": 0.2909863041931194,
  "train/sim_max_reward_1": 1.0,
  "train/sim_max_reward_2": 0.77788344598606,
  "train/sim_max_reward_3": 1.0,
  "train/sim_max_reward_4": 0.7156697652792875,
  "train/sim_max_reward_5": 0.9540103439173954,
  "train/sim_video_0": "eval_results/origin/pusht_multitask_80/media/d0w9g3xj.mp4",
  "train/sim_video_1": "eval_results/origin/pusht_multitask_80/media/7ifrx2ln.mp4"
}