{
  "test/mean_score": 0.9713958006405123,
  "test/sim_max_reward_100000": 0.9730697295202176,
  "test/sim_max_reward_100001": 0.9829102614465883,
  "test/sim_max_reward_100002": 1.0,
  "test/sim_max_reward_100003": 1.0,
  "test/sim_max_reward_100004": 1.0,
  "test/sim_max_reward_100005": 1.0,
  "test/sim_max_reward_100006": 1.0,
  "test/sim_max_reward_100007": 0.9874438166237542,
  "test/sim_max_reward_100008": 0.9892892727543722,
  "test/sim_max_reward_100009": 1.0,
  "test/sim_max_reward_100010": 0.9282096677619031,
  "test/sim_max_reward_100011": 1.0,
  "test/sim_max_reward_100012": 0.9784162221208321,
  "test/sim_max_reward_100013": 1.0,
  "test/sim_max_reward_100014": 0.9735759244617931,
  "test/sim_max_reward_100015": 0.9983710241984224,
  "test/sim_max_reward_100016": 1.0,
  "test/sim_max_reward_100017": 1.0,
  "test/sim_max_reward_100018": 1.0,
  "test/sim_max_reward_100019": 0.9529382614625819,
  "test/sim_max_reward_100020": 1.0,
  "test/sim_max_reward_100021": 1.0,
  "test/sim_max_reward_100022": 1.0,
  "test/sim_max_reward_100023": 1.0,
  "test/sim_max_reward_100024": 1.0,
  "test/sim_max_reward_100025": 1.0,
  "test/sim_max_reward_100026": 1.0,
  "test/sim_max_reward_100027": 1.0,
  "test/sim_max_reward_100028": 0.9937927961927678,
  "test/sim_max_reward_100029": 1.0,
  "test/sim_max_reward_100030": 0.9581566518968913,
  "test/sim_max_reward_100031": 0.9988048576595979,
  "test/sim_max_reward_100032": 0.9754305926593844,
  "test/sim_max_reward_100033": 1.0,
  "test/sim_max_reward_100034": 1.0,
  "test/sim_max_reward_100035": 0.0,
  "test/sim_max_reward_100036": 1.0,
  "test/sim_max_reward_100037": 1.0,
  "test/sim_max_reward_100038": 0.9463962535628807,
  "test/sim_max_reward_100039": 1.0,
  "test/sim_max_reward_100040": 1.0,
  "test/sim_max_reward_100041": 1.0,
  "test/sim_max_reward_100042": 1.0,
  "test/sim_max_reward_100043": 1.0,
  "test/sim_max_reward_100044": 1.0,
  "test/sim_max_reward_100045": 0.9993079854833119,
  "test/sim_max_reward_100046": 0.9710223351040208,
  "test/sim_max_reward_100047": 0.9643634424497167,
  "test/sim_max_reward_100048": 0.9982909366665804,
  "test/sim_max_reward_100049": 1.0,
  "test/sim_video_100000": "eval_results/optim/pusht_3/media/trlo1jpe.mp4",
  "test/sim_video_100001": "eval_results/optim/pusht_3/media/lmxrawnr.mp4",
  "test/sim_video_100002": "eval_results/optim/pusht_3/media/dj8yt3fc.mp4",
  "test/sim_video_100003": "eval_results/optim/pusht_3/media/opgbubtk.mp4",
  "train/mean_score": 0.9922202914529024,
  "train/sim_max_reward_0": 1.0,
  "train/sim_max_reward_1": 0.9751845404785879,
  "train/sim_max_reward_2": 0.978137208238826,
  "train/sim_max_reward_3": 1.0,
  "train/sim_max_reward_4": 1.0,
  "train/sim_max_reward_5": 1.0,
  "train/sim_video_0": "eval_results/optim/pusht_3/media/oautir9w.mp4",
  "train/sim_video_1": "eval_results/optim/pusht_3/media/4ok336w4.mp4"
}