{
  "test/mean_score": 0.9510343335692696,
  "test/sim_max_reward_100000": 1.0,
  "test/sim_max_reward_100001": 1.0,
  "test/sim_max_reward_100002": 1.0,
  "test/sim_max_reward_100003": 1.0,
  "test/sim_max_reward_100004": 1.0,
  "test/sim_max_reward_100005": 1.0,
  "test/sim_max_reward_100006": 1.0,
  "test/sim_max_reward_100007": 1.0,
  "test/sim_max_reward_100008": 1.0,
  "test/sim_max_reward_100009": 0.9827845721538043,
  "test/sim_max_reward_100010": 1.0,
  "test/sim_max_reward_100011": 1.0,
  "test/sim_max_reward_100012": 0.9841458059300189,
  "test/sim_max_reward_100013": 1.0,
  "test/sim_max_reward_100014": 1.0,
  "test/sim_max_reward_100015": 1.0,
  "test/sim_max_reward_100016": 1.0,
  "test/sim_max_reward_100017": 1.0,
  "test/sim_max_reward_100018": 1.0,
  "test/sim_max_reward_100019": 1.0,
  "test/sim_max_reward_100020": 1.0,
  "test/sim_max_reward_100021": 1.0,
  "test/sim_max_reward_100022": 0.9861337787776443,
  "test/sim_max_reward_100023": 0.9973920719219358,
  "test/sim_max_reward_100024": 0.9858568115332148,
  "test/sim_max_reward_100025": 1.0,
  "test/sim_max_reward_100026": 0.9229383070073336,
  "test/sim_max_reward_100027": 1.0,
  "test/sim_max_reward_100028": 0.9830919360424489,
  "test/sim_max_reward_100029": 1.0,
  "test/sim_max_reward_100030": 1.0,
  "test/sim_max_reward_100031": 0.981150767186631,
  "test/sim_max_reward_100032": 1.0,
  "test/sim_max_reward_100033": 1.0,
  "test/sim_max_reward_100034": 1.0,
  "test/sim_max_reward_100035": 0.0,
  "test/sim_max_reward_100036": 0.9885507089293641,
  "test/sim_max_reward_100037": 1.0,
  "test/sim_max_reward_100038": 0.0,
  "test/sim_max_reward_100039": 0.9748179062770066,
  "test/sim_max_reward_100040": 0.9808664593874556,
  "test/sim_max_reward_100041": 0.8179544880823594,
  "test/sim_max_reward_100042": 0.9840712893656504,
  "test/sim_max_reward_100043": 1.0,
  "test/sim_max_reward_100044": 1.0,
  "test/sim_max_reward_100045": 0.9856624468483037,
  "test/sim_max_reward_100046": 0.9962993290203064,
  "test/sim_max_reward_100047": 1.0,
  "test/sim_max_reward_100048": 1.0,
  "test/sim_max_reward_100049": 1.0,
  "test/sim_video_100000": "eval_results/optim/lambda0.2_window10/pusht_5/media/5s8dpw6v.mp4",
  "test/sim_video_100001": "eval_results/optim/lambda0.2_window10/pusht_5/media/bcidno1n.mp4",
  "test/sim_video_100002": "eval_results/optim/lambda0.2_window10/pusht_5/media/5kqz6e7p.mp4",
  "test/sim_video_100003": "eval_results/optim/lambda0.2_window10/pusht_5/media/jmfm9496.mp4",
  "train/mean_score": 0.9946019732167066,
  "train/sim_max_reward_0": 0.9990405702615114,
  "train/sim_max_reward_1": 1.0,
  "train/sim_max_reward_2": 1.0,
  "train/sim_max_reward_3": 0.9685712690387279,
  "train/sim_max_reward_4": 1.0,
  "train/sim_max_reward_5": 1.0,
  "train/sim_video_0": "eval_results/optim/lambda0.2_window10/pusht_5/media/u1d6e67e.mp4",
  "train/sim_video_1": "eval_results/optim/lambda0.2_window10/pusht_5/media/rgc7lj7d.mp4"
}