{
  "test/mean_score": 0.8403081643846713,
  "test/sim_max_reward_100000": 0.673809025323501,
  "test/sim_max_reward_100001": 1.0,
  "test/sim_max_reward_100002": 0.9976591930256093,
  "test/sim_max_reward_100003": 1.0,
  "test/sim_max_reward_100004": 1.0,
  "test/sim_max_reward_100005": 1.0,
  "test/sim_max_reward_100006": 0.6980835692929442,
  "test/sim_max_reward_100007": 0.9608534972268433,
  "test/sim_max_reward_100008": 1.0,
  "test/sim_max_reward_100009": 1.0,
  "test/sim_max_reward_100010": 0.6491199241642959,
  "test/sim_max_reward_100011": 0.6904381797654201,
  "test/sim_max_reward_100012": 0.7156571912131325,
  "test/sim_max_reward_100013": 0.7215718683895813,
  "test/sim_max_reward_100014": 0.9548227835551789,
  "test/sim_max_reward_100015": 0.9354634093309608,
  "test/sim_max_reward_100016": 0.6597348857762999,
  "test/sim_max_reward_100017": 1.0,
  "test/sim_max_reward_100018": 0.9717887020385038,
  "test/sim_max_reward_100019": 1.0,
  "test/sim_max_reward_100020": 0.7182551802511641,
  "test/sim_max_reward_100021": 0.9944645882915342,
  "test/sim_max_reward_100022": 1.0,
  "test/sim_max_reward_100023": 0.9785812068503712,
  "test/sim_max_reward_100024": 0.9652983372159262,
  "test/sim_max_reward_100025": 0.9905333966278491,
  "test/sim_max_reward_100026": 0.6854082017993223,
  "test/sim_max_reward_100027": 0.0,
  "test/sim_max_reward_100028": 0.0,
  "test/sim_max_reward_100029": 0.5621934772325369,
  "test/sim_max_reward_100030": 1.0,
  "test/sim_max_reward_100031": 0.8222071409295263,
  "test/sim_max_reward_100032": 0.7055000463285112,
  "test/sim_max_reward_100033": 0.9534635379933519,
  "test/sim_max_reward_100034": 0.8729442452767397,
  "test/sim_max_reward_100035": 0.9785988766741434,
  "test/sim_max_reward_100036": 0.9241874028655963,
  "test/sim_max_reward_100037": 0.9818811377248763,
  "test/sim_max_reward_100038": 0.6809354971693097,
  "test/sim_max_reward_100039": 0.8793662262904113,
  "test/sim_max_reward_100040": 1.0,
  "test/sim_max_reward_100041": 0.9655578942346847,
  "test/sim_max_reward_100042": 0.8619263485249318,
  "test/sim_max_reward_100043": 0.9939428880698152,
  "test/sim_max_reward_100044": 0.9794868444957375,
  "test/sim_max_reward_100045": 0.604206620944787,
  "test/sim_max_reward_100046": 1.0,
  "test/sim_max_reward_100047": 1.0,
  "test/sim_max_reward_100048": 0.5760707727190216,
  "test/sim_max_reward_100049": 0.7113961216211461,
  "test/sim_video_100000": "eval_results/origin/pusht_multitask_50/media/rf269rcq.mp4",
  "test/sim_video_100001": "eval_results/origin/pusht_multitask_50/media/8bbgdmq7.mp4",
  "test/sim_video_100002": "eval_results/origin/pusht_multitask_50/media/ufsxjaa3.mp4",
  "test/sim_video_100003": "eval_results/origin/pusht_multitask_50/media/ttvvykep.mp4",
  "train/mean_score": 0.7924032974535865,
  "train/sim_max_reward_0": 1.0,
  "train/sim_max_reward_1": 0.9357256137676428,
  "train/sim_max_reward_2": 0.6903332712526865,
  "train/sim_max_reward_3": 0.47484654002952176,
  "train/sim_max_reward_4": 0.7285124546207352,
  "train/sim_max_reward_5": 0.9250019050509326,
  "train/sim_video_0": "eval_results/origin/pusht_multitask_50/media/asj56g9f.mp4",
  "train/sim_video_1": "eval_results/origin/pusht_multitask_50/media/9c9tai2o.mp4"
}