{
  "test/mean_score": 0.9562610248954797,
  "test/sim_max_reward_100000": 0.9816761622945145,
  "test/sim_max_reward_100001": 1.0,
  "test/sim_max_reward_100002": 0.9952990153683174,
  "test/sim_max_reward_100003": 1.0,
  "test/sim_max_reward_100004": 1.0,
  "test/sim_max_reward_100005": 1.0,
  "test/sim_max_reward_100006": 1.0,
  "test/sim_max_reward_100007": 0.9820194440699532,
  "test/sim_max_reward_100008": 1.0,
  "test/sim_max_reward_100009": 1.0,
  "test/sim_max_reward_100010": 1.0,
  "test/sim_max_reward_100011": 0.9995732714889747,
  "test/sim_max_reward_100012": 1.0,
  "test/sim_max_reward_100013": 1.0,
  "test/sim_max_reward_100014": 1.0,
  "test/sim_max_reward_100015": 1.0,
  "test/sim_max_reward_100016": 1.0,
  "test/sim_max_reward_100017": 1.0,
  "test/sim_max_reward_100018": 1.0,
  "test/sim_max_reward_100019": 1.0,
  "test/sim_max_reward_100020": 1.0,
  "test/sim_max_reward_100021": 0.999810385420667,
  "test/sim_max_reward_100022": 1.0,
  "test/sim_max_reward_100023": 1.0,
  "test/sim_max_reward_100024": 1.0,
  "test/sim_max_reward_100025": 1.0,
  "test/sim_max_reward_100026": 1.0,
  "test/sim_max_reward_100027": 0.9952496445733656,
  "test/sim_max_reward_100028": 1.0,
  "test/sim_max_reward_100029": 1.0,
  "test/sim_max_reward_100030": 0.9820085198244233,
  "test/sim_max_reward_100031": 1.0,
  "test/sim_max_reward_100032": 1.0,
  "test/sim_max_reward_100033": 0.9759518758877229,
  "test/sim_max_reward_100034": 1.0,
  "test/sim_max_reward_100035": 0.0,
  "test/sim_max_reward_100036": 1.0,
  "test/sim_max_reward_100037": 0.9982139647848655,
  "test/sim_max_reward_100038": 0.0,
  "test/sim_max_reward_100039": 1.0,
  "test/sim_max_reward_100040": 1.0,
  "test/sim_max_reward_100041": 0.9885199747373675,
  "test/sim_max_reward_100042": 0.9848219925408427,
  "test/sim_max_reward_100043": 1.0,
  "test/sim_max_reward_100044": 1.0,
  "test/sim_max_reward_100045": 1.0,
  "test/sim_max_reward_100046": 1.0,
  "test/sim_max_reward_100047": 1.0,
  "test/sim_max_reward_100048": 0.9846906955273959,
  "test/sim_max_reward_100049": 1.0,
  "test/sim_max_reward_100050": 1.0,
  "test/sim_max_reward_100051": 1.0,
  "test/sim_max_reward_100052": 1.0,
  "test/sim_max_reward_100053": 1.0,
  "test/sim_max_reward_100054": 1.0,
  "test/sim_max_reward_100055": 1.0,
  "test/sim_max_reward_100056": 1.0,
  "test/sim_max_reward_100057": 1.0,
  "test/sim_max_reward_100058": 1.0,
  "test/sim_max_reward_100059": 1.0,
  "test/sim_max_reward_100060": 1.0,
  "test/sim_max_reward_100061": 1.0,
  "test/sim_max_reward_100062": 0.9692996382962639,
  "test/sim_max_reward_100063": 1.0,
  "test/sim_max_reward_100064": 1.0,
  "test/sim_max_reward_100065": 0.9898382121694514,
  "test/sim_max_reward_100066": 0.9692732927636538,
  "test/sim_max_reward_100067": 1.0,
  "test/sim_max_reward_100068": 0.9919437655985017,
  "test/sim_max_reward_100069": 0.9792353455857693,
  "test/sim_max_reward_100070": 1.0,
  "test/sim_max_reward_100071": 1.0,
  "test/sim_max_reward_100072": 1.0,
  "test/sim_max_reward_100073": 1.0,
  "test/sim_max_reward_100074": 0.9771821588060522,
  "test/sim_max_reward_100075": 1.0,
  "test/sim_max_reward_100076": 1.0,
  "test/sim_max_reward_100077": 0.0,
  "test/sim_max_reward_100078": 0.996840270618962,
  "test/sim_max_reward_100079": 1.0,
  "test/sim_max_reward_100080": 1.0,
  "test/sim_max_reward_100081": 1.0,
  "test/sim_max_reward_100082": 0.9884995339846313,
  "test/sim_max_reward_100083": 1.0,
  "test/sim_max_reward_100084": 0.9996212458087105,
  "test/sim_max_reward_100085": 0.9838664626398349,
  "test/sim_max_reward_100086": 1.0,
  "test/sim_max_reward_100087": 0.9949366302598238,
  "test/sim_max_reward_100088": 1.0,
  "test/sim_max_reward_100089": 1.0,
  "test/sim_max_reward_100090": 1.0,
  "test/sim_max_reward_100091": 1.0,
  "test/sim_max_reward_100092": 0.9994001840780823,
  "test/sim_max_reward_100093": 1.0,
  "test/sim_max_reward_100094": 1.0,
  "test/sim_max_reward_100095": 0.0,
  "test/sim_max_reward_100096": 0.9680616815198069,
  "test/sim_max_reward_100097": 1.0,
  "test/sim_max_reward_100098": 0.9798845721750725,
  "test/sim_max_reward_100099": 0.7567416847315196,
  "test/sim_max_reward_100100": 0.9945872560498018,
  "test/sim_max_reward_100101": 1.0,
  "test/sim_max_reward_100102": 1.0,
  "test/sim_max_reward_100103": 1.0,
  "test/sim_max_reward_100104": 0.9939080467230587,
  "test/sim_max_reward_100105": 0.9881510273501787,
  "test/sim_max_reward_100106": 1.0,
  "test/sim_max_reward_100107": 1.0,
  "test/sim_max_reward_100108": 1.0,
  "test/sim_max_reward_100109": 1.0,
  "test/sim_max_reward_100110": 0.9808387450891097,
  "test/sim_max_reward_100111": 1.0,
  "test/sim_max_reward_100112": 0.9720326272762723,
  "test/sim_max_reward_100113": 1.0,
  "test/sim_max_reward_100114": 1.0,
  "test/sim_max_reward_100115": 0.585251974023006,
  "test/sim_max_reward_100116": 1.0,
  "test/sim_max_reward_100117": 1.0,
  "test/sim_max_reward_100118": 1.0,
  "test/sim_max_reward_100119": 0.9158283267459795,
  "test/sim_max_reward_100120": 1.0,
  "test/sim_max_reward_100121": 0.9931022018581195,
  "test/sim_max_reward_100122": 1.0,
  "test/sim_max_reward_100123": 0.9777735153988244,
  "test/sim_max_reward_100124": 1.0,
  "test/sim_max_reward_100125": 0.9873959448592341,
  "test/sim_max_reward_100126": 0.9905263602377185,
  "test/sim_max_reward_100127": 1.0,
  "test/sim_max_reward_100128": 0.9764908856617149,
  "test/sim_max_reward_100129": 0.9667535203585262,
  "test/sim_max_reward_100130": 1.0,
  "test/sim_max_reward_100131": 0.985509282368823,
  "test/sim_max_reward_100132": 1.0,
  "test/sim_max_reward_100133": 1.0,
  "test/sim_max_reward_100134": 1.0,
  "test/sim_max_reward_100135": 0.9971118684607165,
  "test/sim_max_reward_100136": 1.0,
  "test/sim_max_reward_100137": 0.9851048536530035,
  "test/sim_max_reward_100138": 1.0,
  "test/sim_max_reward_100139": 1.0,
  "test/sim_max_reward_100140": 1.0,
  "test/sim_max_reward_100141": 0.9958797951238723,
  "test/sim_max_reward_100142": 0.9804639166110002,
  "test/sim_max_reward_100143": 1.0,
  "test/sim_max_reward_100144": 1.0,
  "test/sim_max_reward_100145": 0.9862581795196895,
  "test/sim_max_reward_100146": 1.0,
  "test/sim_max_reward_100147": 1.0,
  "test/sim_max_reward_100148": 0.991531553849328,
  "test/sim_max_reward_100149": 1.0,
  "test/sim_max_reward_100150": 1.0,
  "test/sim_max_reward_100151": 1.0,
  "test/sim_max_reward_100152": 1.0,
  "test/sim_max_reward_100153": 1.0,
  "test/sim_max_reward_100154": 0.9750965980646179,
  "test/sim_max_reward_100155": 1.0,
  "test/sim_max_reward_100156": 1.0,
  "test/sim_max_reward_100157": 0.9940990932434102,
  "test/sim_max_reward_100158": 1.0,
  "test/sim_max_reward_100159": 1.0,
  "test/sim_max_reward_100160": 1.0,
  "test/sim_max_reward_100161": 1.0,
  "test/sim_max_reward_100162": 1.0,
  "test/sim_max_reward_100163": 0.968742536205784,
  "test/sim_max_reward_100164": 0.9809768564632757,
  "test/sim_max_reward_100165": 1.0,
  "test/sim_max_reward_100166": 0.9633484785543295,
  "test/sim_max_reward_100167": 0.9805626271518704,
  "test/sim_max_reward_100168": 1.0,
  "test/sim_max_reward_100169": 0.9922862682563972,
  "test/sim_max_reward_100170": 1.0,
  "test/sim_max_reward_100171": 0.9878379288047344,
  "test/sim_max_reward_100172": 0.9641870018746941,
  "test/sim_max_reward_100173": 0.990620371237862,
  "test/sim_max_reward_100174": 0.9657308516008046,
  "test/sim_max_reward_100175": 0.9992241980783071,
  "test/sim_max_reward_100176": 1.0,
  "test/sim_max_reward_100177": 1.0,
  "test/sim_max_reward_100178": 1.0,
  "test/sim_max_reward_100179": 0.9716054574219085,
  "test/sim_max_reward_100180": 1.0,
  "test/sim_max_reward_100181": 1.0,
  "test/sim_max_reward_100182": 0.9700001837504799,
  "test/sim_max_reward_100183": 1.0,
  "test/sim_max_reward_100184": 1.0,
  "test/sim_max_reward_100185": 1.0,
  "test/sim_max_reward_100186": 1.0,
  "test/sim_max_reward_100187": 1.0,
  "test/sim_max_reward_100188": 1.0,
  "test/sim_max_reward_100189": 1.0,