{
  "test/mean_score": 0.17449909067813707,
  "test/sim_max_reward_100000": 0.0,
  "test/sim_max_reward_100001": 0.4199157730060813,
  "test/sim_max_reward_100002": 0.0,
  "test/sim_max_reward_100003": 0.17881819568268698,
  "test/sim_max_reward_100004": 0.5464313256230506,
  "test/sim_max_reward_100005": 0.0,
  "test/sim_max_reward_100006": 0.0,
  "test/sim_max_reward_100007": 0.6050878294293138,
  "test/sim_max_reward_100008": 0.2361839986551382,
  "test/sim_max_reward_100009": 0.0,
  "test/sim_max_reward_100010": 0.14013850138604844,
  "test/sim_max_reward_100011": 0.0,
  "test/sim_max_reward_100012": 0.10857809695722839,
  "test/sim_max_reward_100013": 0.003674806877683116,
  "test/sim_max_reward_100014": 0.0,
  "test/sim_max_reward_100015": 0.5013306016884885,
  "test/sim_max_reward_100016": 0.18522647698896325,
  "test/sim_max_reward_100017": 0.5736563797017035,
  "test/sim_max_reward_100018": 0.031125780010250938,
  "test/sim_max_reward_100019": 0.23101146407629639,
  "test/sim_max_reward_100020": 0.0,
  "test/sim_max_reward_100021": 0.13065237165099675,
  "test/sim_max_reward_100022": 0.5176406890599452,
  "test/sim_max_reward_100023": 0.0,
  "test/sim_max_reward_100024": 0.0,
  "test/sim_max_reward_100025": 0.0,
  "test/sim_max_reward_100026": 0.0,
  "test/sim_max_reward_100027": 0.0,
  "test/sim_max_reward_100028": 0.0,
  "test/sim_max_reward_100029": 0.9137481402336604,
  "test/sim_max_reward_100030": 0.0,
  "test/sim_max_reward_100031": 0.0,
  "test/sim_max_reward_100032": 0.6445529754699938,
  "test/sim_max_reward_100033": 0.2031391727947502,
  "test/sim_max_reward_100034": 0.026628817516326706,
  "test/sim_max_reward_100035": 0.30805533531730844,
  "test/sim_max_reward_100036": 0.0016001686397472557,
  "test/sim_max_reward_100037": 0.0,
  "test/sim_max_reward_100038": 0.0,
  "test/sim_max_reward_100039": 0.3953959297554422,
  "test/sim_max_reward_100040": 0.40639122602743005,
  "test/sim_max_reward_100041": 0.025440155391094323,
  "test/sim_max_reward_100042": 0.21163390221216735,
  "test/sim_max_reward_100043": 0.0,
  "test/sim_max_reward_100044": 0.0,
  "test/sim_max_reward_100045": 0.3834750702725031,
  "test/sim_max_reward_100046": 0.3900359702981413,
  "test/sim_max_reward_100047": 0.001642812418611958,
  "test/sim_max_reward_100048": 0.2506179360990109,
  "test/sim_max_reward_100049": 0.15312463066678964,
  "test/sim_video_100000": "eval_results/optim/lambda0.35_window45/pusht_2/media/3z1ftfaq.mp4",
  "test/sim_video_100001": "eval_results/optim/lambda0.35_window45/pusht_2/media/11f9q9tu.mp4",
  "test/sim_video_100002": "eval_results/optim/lambda0.35_window45/pusht_2/media/8wv93y52.mp4",
  "test/sim_video_100003": "eval_results/optim/lambda0.35_window45/pusht_2/media/5z6nvv9f.mp4",
  "train/mean_score": 0.34100309583168387,
  "train/sim_max_reward_0": 0.4473552957542365,
  "train/sim_max_reward_1": 0.5929439207644015,
  "train/sim_max_reward_2": 0.1961319452886381,
  "train/sim_max_reward_3": 0.005346799874240531,
  "train/sim_max_reward_4": 0.2910397189503366,
  "train/sim_max_reward_5": 0.5132008943582499,
  "train/sim_video_0": "eval_results/optim/lambda0.35_window45/pusht_2/media/7t4gpk5g.mp4",
  "train/sim_video_1": "eval_results/optim/lambda0.35_window45/pusht_2/media/nxscm7n6.mp4"
}